,Date,pln/usd,milk,cocoa,sugar
0,2022-04-22,0.233728,2554,24.55,0.1924
1,2022-04-21,0.234006,2592,24.57,0.1987
2,2022-04-20,0.23258,2593,24.17,0.1962
3,2022-04-19,0.233382,2580,24.38,0.1974
4,2022-04-18,0.233769,2578,25.13,0.2026
5,2022-04-14,0.235073,2679,25.46,0.2006
6,2022-04-13,0.233698,2679,25.17,0.201
7,2022-04-12,0.233504,2583,24.81,0.2022
8,2022-04-11,0.234801,2616,24.93,0.2031
9,2022-04-08,0.234528,2620,24.85,0.2041
10,2022-04-07,0.234493,2574,24.7,0.1984
11,2022-04-06,0.235632,2549,24.85,0.1959
12,2022-04-05,0.237782,2534,24.4,0.1965
13,2022-04-04,0.238084,2562,23.99,0.1961
14,2022-04-01,0.238802,2599,24.55,0.1937
15,2022-03-31,0.240557,2650,24.47,0.1949
16,2022-03-30,0.238641,2651,23.9,0.1947
17,2022-03-29,0.234351,2639,23.5,0.1911
18,2022-03-28,0.234313,2602,24.16,0.1959
19,2022-03-25,0.231095,2562,24.3,0.1961
20,2022-03-24,0.23347,2583,24.5,0.1926
21,2022-03-23,0.23599,2631,24.21,0.1924
22,2022-03-22,0.234887,2586,24.31,0.1915
23,2022-03-21,0.234475,2521,23.74,0.1928
24,2022-03-18,0.237498,2537,23.43,0.1893
25,2022-03-17,0.236714,2504,23.23,0.1869
26,2022-03-16,0.233364,2532,22.88,0.1856
27,2022-03-15,0.231709,2522,23.41,0.1873
28,2022-03-14,0.229151,2611,23.9,0.1913
29,2022-03-11,0.230766,2620,22.35,0.1924
30,2022-03-10,0.232604,2683,22.42,0.191
31,2022-03-09,0.224176,2663,22.54,0.1894
32,2022-03-08,0.218188,2679,22.69,0.1943
33,2022-03-07,0.220558,2636,22.61,0.1927
34,2022-03-04,0.230052,2620,22.55,0.1935
35,2022-03-03,0.234678,2562,22.43,0.1893
36,2022-03-02,0.235705,2529,22.24,0.1864
37,2022-03-01,0.239046,2521,22.26,0.1834
38,2022-02-28,0.237896,2529,22.05,0.18
39,2022-02-25,0.241739,2614,21.9,0.1799
40,2022-02-24,0.246548,2616,22.51,0.1832
41,2022-02-23,0.249226,2664,22.02,0.1853
42,2022-02-22,0.248899,2656,22.46,0.1848
43,2022-02-18,0.251407,2640,22.4,0.182
44,2022-02-17,0.252778,2655,22.35,0.1828
45,2022-02-16,0.252733,2671,22.31,0.2026
46,2022-02-15,0.248432,2722,22.97,0.1807
47,2022-02-14,0.248887,2731,22.81,0.1812
48,2022-02-11,0.253556,2766,22.68,0.1826
49,2022-02-10,0.254238,2786,22.11,0.183
50,2022-02-09,0.252379,2756,22.04,0.1848
51,2022-02-08,0.252377,2669,21.68,0.1808
52,2022-02-07,0.251439,2624,21.93,0.1805
53,2022-02-04,0.251978,2668,21.66,0.1823
54,2022-02-03,0.24903,2634,21.31,0.1799
55,2022-02-02,0.246802,2617,21.51,0.1793
56,2022-02-01,0.245188,2613,21.35,0.1848
57,2022-01-31,0.243438,2528,20.35,0.1822
58,2022-01-28,0.244594,2494,20.19,0.182
59,2022-01-27,0.245399,2451,20.69,0.1841
60,2022-01-26,0.246907,2513,20.17,0.1849
61,2022-01-25,0.248274,2503,19.91,0.1878
62,2022-01-24,0.250515,2493,20.45,0.1881
63,2022-01-21,0.250132,2576,20.54,0.189
64,2022-01-20,0.25095,2660,20.86,0.1893
65,2022-01-19,0.250044,2657,21.31,0.1907
66,2022-01-18,0.252207,2631,21.62,0.1866
67,2022-01-14,0.252602,2659,22.08,0.1831
68,2022-01-13,0.253057,2609,22.2,0.1809
69,2022-01-12,0.250564,2559,22.63,0.1834
70,2022-01-11,0.249639,2588,22.2,0.1811
71,2022-01-10,0.249922,2685,21.55,0.1783
72,2022-01-07,0.248103,2521,21.43,0.1805
73,2022-01-06,0.247533,2423,21.67,0.1819
74,2022-01-05,0.247304,2457,22.35,0.1834
75,2022-01-04,0.247138,2462,21.79,0.1875
76,2022-01-03,0.247869,2499,21.04,0.1874
77,2021-12-31,0.246644,2520,20.72,0.1888
78,2021-12-30,0.247229,2559,20.83,0.1878
79,2021-12-29,0.246224,2515,20.45,0.191
80,2021-12-28,0.246345,2485,20.3,0.1896
81,2021-12-27,0.245135,2461,20.2,0.1921
82,2021-12-23,0.24466,2473,18.43,0.1924
83,2021-12-22,0.244323,2466,18.45,0.1926
84,2021-12-21,0.24378,2460,18.47,0.1874
85,2021-12-20,0.242901,2423,18.46,0.1859
86,2021-12-17,0.244872,2497,18.48,0.1911
87,2021-12-16,0.244411,2685,18.49,0.194
88,2021-12-15,0.243307,2547,18.57,0.1929
89,2021-12-14,0.243356,2504,18.61,0.1965
90,2021-12-13,0.24517,2532,18.62,0.1964
91,2021-12-10,0.245395,2466,18.6,0.1971
92,2021-12-09,0.246253,2451,18.61,0.1969
93,2021-12-08,0.246051,2470,18.76,0.1982
94,2021-12-07,0.245869,2485,18.71,0.1948
95,2021-12-06,0.245954,2460,18.66,0.1916
96,2021-12-03,0.246002,2467,18.6,0.1875
97,2021-12-02,0.244822,2453,18.33,0.1862
98,2021-12-01,0.243498,2352,18.04,0.2026
99,2021-11-30,0.24126,2346,18.01,0.186
100,2021-11-29,0.240123,2378,18.16,0.1919
101,2021-11-24,0.239152,2512,18.32,0.1993
102,2021-11-23,0.238977,2568,18.33,0.2011
103,2021-11-22,0.240743,2588,18.42,0.1976
104,2021-11-19,0.24361,2583,18.57,0.1999
105,2021-11-18,0.242917,2589,17.48,0.2018
106,2021-11-17,0.243351,2568,17.15,0.2042
107,2021-11-16,0.244587,2553,17.21,0.1999
108,2021-11-15,0.246678,2458,17.49,0.1974
109,2021-11-12,0.247111,2470,17.62,0.2001
110,2021-11-11,0.249347,2485,18.08,0.2012
111,2021-11-10,0.25273,2473,18.03,0.196
112,2021-11-09,0.252487,2663,18.11,0.199
113,2021-11-08,0.251617,2433,17.68,0.1992
114,2021-11-05,0.251373,2397,17.59,0.1994
115,2021-11-04,0.253696,2440,17.81,0.1963
116,2021-11-03,0.251591,2424,18.08,0.1938
117,2021-11-02,0.251357,2457,18.31,0.1954
118,2021-11-01,0.250821,2564,18.68,0.1937
119,2021-10-29,0.252906,2544,18.5,0.1927
120,2021-10-28,0.251231,2571,18.55,0.1962
121,2021-10-27,0.251737,2603,18.84,0.197
122,2021-10-26,0.251658,2581,18.74,0.1966
123,2021-10-25,0.253306,2616,19.37,0.1939
124,2021-10-22,0.252447,2583,19.61,0.1908
125,2021-10-21,0.254356,2555,19.91,0.1894
126,2021-10-20,0.253886,2505,19.32,0.1897
127,2021-10-19,0.253356,2559,19.22,0.1887
128,2021-10-18,0.254239,2610,19.16,0.1935
129,2021-10-15,0.25347,2607,19.28,0.198
130,2021-10-14,0.253623,2584,19.36,0.1959
131,2021-10-13,0.251699,2602,18.85,0.1986
132,2021-10-12,0.252134,2675,18.81,0.2007
133,2021-10-11,0.251313,2682,18.82,0.2033
134,2021-10-08,0.252118,2750,18.77,0.2029
135,2021-10-07,0.254227,2726,18.74,0.1984
136,2021-10-06,0.251944,2715,18.59,0.1977
137,2021-10-05,0.253113,2755,18.56,0.1985
138,2021-10-04,0.253659,2752,18.42,0.1969
139,2021-10-01,0.251389,2710,18.2,0.2006
140,2021-09-30,0.25056,2652,18.26,0.1983
141,2021-09-29,0.252158,2589,17.88,0.1894
142,2021-09-28,0.254537,2555,17.54,0.1898
143,2021-09-27,0.2546,2546,17.28,0.1873
144,2021-09-24,0.254706,2591,16.96,0.191
145,2021-09-23,0.253083,2612,17.27,0.1949
146,2021-09-22,0.253884,2652,17.35,0.1933
147,2021-09-21,0.254706,2605,17.42,0.1897
148,2021-09-20,0.255689,2593,17.1,0.1886
149,2021-09-17,0.257338,2665,17.18,0.1918
150,2021-09-16,0.259128,2657,17.15,0.1949
151,2021-09-15,0.259481,2663,17.15,0.1952
152,2021-09-14,0.259855,2656,17.27,0.1896
153,2021-09-13,0.26006,2637,17.5,0.1898
154,2021-09-10,0.260362,2603,17.34,0.1879
155,2021-09-09,0.261856,2673,17.55,0.1924
156,2021-09-08,0.262529,2687,17.6,0.1949
157,2021-09-07,0.262601,2704,17.45,0.1948
158,2021-09-03,0.263351,2654,16.85,0.1962
159,2021-09-02,0.262751,2611,16.81,0.199
160,2021-09-01,0.261213,2538,16.84,0.1967
161,2021-08-31,0.258893,2540,16.9,0.1984
162,2021-08-30,0.258111,2597,16.66,0.2022
163,2021-08-27,0.257162,2582,16.54,0.2004
164,2021-08-26,0.257559,2623,17.07,0.1968
165,2021-08-25,0.257155,2612,17.36,0.1973
166,2021-08-24,0.256341,2570,17.38,0.1958
167,2021-08-23,0.255683,2554,17.45,0.1958
168,2021-08-20,0.255017,2567,17.05,0.1958
169,2021-08-19,0.257063,2628,17.11,0.1979
170,2021-08-18,0.256799,2673,17.13,0.2017
171,2021-08-17,0.258545,2607,17.31,0.2002
172,2021-08-16,0.258402,2544,17.6,0.2003
173,2021-08-13,0.25671,2547,17.62,0.1995
174,2021-08-12,0.256512,2507,16.92,0.1954
175,2021-08-11,0.256279,2509,17.24,0.1947
176,2021-08-10,0.257223,2468,17.28,0.1959
177,2021-08-09,0.257017,2411,16.58,0.1847
178,2021-08-06,0.260352,2417,16.49,0.1868
179,2021-08-05,0.260688,2405,16.4,0.1862
180,2021-08-04,0.260832,2393,16.04,0.1793
181,2021-08-03,0.260561,2426,15.93,0.1798
182,2021-08-02,0.260058,2363,16.15,0.1795
183,2021-07-30,0.260375,2366,16.36,0.1791
184,2021-07-29,0.257978,2435,16.26,0.183
185,2021-07-28,0.257188,2427,16.5,0.1861
186,2021-07-27,0.257248,2393,16.66,0.1835
187,2021-07-26,0.257294,2392,16.78,0.1842
188,2021-07-23,0.258056,2321,16.91,0.1817
189,2021-07-22,0.257759,2317,16.39,0.1762
190,2021-07-21,0.256597,2265,16.1,0.1767
191,2021-07-20,0.256766,2257,16.29,0.1741
192,2021-07-19,0.257852,2239,16.67,0.1707
193,2021-07-16,0.258075,2320,16.79,0.1771
194,2021-07-15,0.259255,2369,16.98,0.1733
195,2021-07-14,0.257361,2402,17.73,0.1693
196,2021-07-13,0.260703,2399,18.35,0.1708
197,2021-07-12,0.26137,2430,18.03,0.1699
198,2021-07-09,0.261131,2347,17.71,0.1728
199,2021-07-08,0.260173,2295,17.78,0.1745
200,2021-07-07,0.261972,2296,16.92,0.1775
201,2021-07-06,0.263626,2298,16.74,0.1787
202,2021-07-02,0.262418,2319,16.79,0.1815
203,2021-07-01,0.262245,2354,16.77,0.1763
204,2021-06-30,0.263428,2389,16.91,0.1763
205,2021-06-29,0.26505,2390,16.97,0.1723
206,2021-06-28,0.264729,2380,16.78,0.1723
207,2021-06-25,0.264063,2380,16.65,0.169
208,2021-06-24,0.263531,2344,16.57,0.1693
209,2021-06-23,0.264541,2369,16.6,0.1669
210,2021-06-22,0.263196,2396,17.33,0.1643
211,2021-06-21,0.260879,2378,17.31,0.1678
212,2021-06-18,0.261452,2372,17.33,0.1643
213,2021-06-17,0.265148,2381,17.29,0.1655
214,2021-06-16,0.268075,2347,17.32,0.1704
215,2021-06-15,0.2685,2373,17.25,0.1705
216,2021-06-14,0.269292,2396,17.27,0.1729
217,2021-06-11,0.27268,2350,17.25,0.1754
218,2021-06-10,0.272264,2383,17.2,0.1766
219,2021-06-09,0.272836,2348,17.07,0.1773
220,2021-06-08,0.273179,2375,17.02,0.1771
221,2021-06-07,0.273204,2409,17.15,0.1738
222,2021-06-04,0.272153,2409,17.31,0.1771
223,2021-06-03,0.274054,2415,17.31,0.1743
224,2021-06-02,0.274029,2426,17.32,0.1768
225,2021-06-01,0.273182,2431,17.28,0.1769
226,2021-05-28,0.271806,2412,17.24,0.1736
227,2021-05-27,0.271017,2430,17.65,0.1712
228,2021-05-26,0.273375,2422,17.98,0.1678
229,2021-05-25,0.272589,2380,17.71,0.1704
230,2021-05-24,0.271201,2389,17.55,0.1683
231,2021-05-21,0.271983,2456,18.13,0.1667
232,2021-05-20,0.26904,2469,18.34,0.1695
233,2021-05-19,0.270387,2469,18.3,0.1695
234,2021-05-18,0.268546,2504,18.48,0.1721
235,2021-05-17,0.268514,2539,18.92,0.1699
236,2021-05-14,0.266994,2474,18.88,0.1696
237,2021-05-13,0.265463,2502,19.03,0.1711
238,2021-05-12,0.267738,2517,19.07,0.1784
239,2021-05-11,0.266361,2466,18.89,0.181
240,2021-05-10,0.26743,2514,18.86,0.1749
241,2021-05-07,0.264089,2463,18.82,0.1749
242,2021-05-06,0.262546,2413,18.9,0.1755
243,2021-05-05,0.263909,2395,19.15,0.1753
244,2021-05-04,0.265724,2324,19.07,0.1712
245,2021-05-03,0.264012,2369,19.04,0.1673
246,2021-04-30,0.265567,2382,19.18,0.1744
247,2021-04-29,0.265359,2499,19.18,0.1708
248,2021-04-28,0.264781,2472,19.22,0.173
249,2021-04-27,0.265231,2478,19.2,0.1794
250,2021-04-26,0.265654,2487,19.28,0.1717
251,2021-04-23,0.263296,2450,19.0,0.1691
252,2021-04-22,0.264291,2442,18.68,0.1692
253,2021-04-21,0.264592,2439,19.16,0.1694
254,2021-04-20,0.264852,2419,19.32,0.1677
255,2021-04-19,0.263734,2492,19.16,0.1629
256,2021-04-16,0.263131,2408,19.04,0.1672
257,2021-04-15,0.263262,2413,18.5,0.1638
258,2021-04-14,0.261965,2421,18.83,0.1586
259,2021-04-13,0.263026,2408,19.46,0.1543
260,2021-04-12,0.262778,2367,19.96,0.1535
261,2021-04-09,0.262426,2354,19.38,0.1546
262,2021-04-08,0.259779,2355,19.4,0.1518
263,2021-04-07,0.258873,2389,19.18,0.1514
264,2021-04-06,0.257542,2406,18.63,0.1516
265,2021-04-05,0.255684,2336,18.57,0.1484
266,2021-04-01,0.253447,2392,18.45,0.1471
267,2021-03-31,0.251934,2348,18.23,0.1477
268,2021-03-30,0.252276,2347,16.2,0.1492
269,2021-03-29,0.254459,2436,16.18,0.1492
270,2021-03-26,0.254259,2458,16.18,0.1519
271,2021-03-25,0.255454,2456,16.19,0.1509
272,2021-03-24,0.256371,2435,16.23,0.1563
273,2021-03-23,0.259896,2447,16.24,0.1543
274,2021-03-22,0.257184,2505,16.24,0.1553
275,2021-03-19,0.258151,2493,16.25,0.1576
276,2021-03-18,0.260696,2542,16.26,0.1589
277,2021-03-17,0.259229,2521,16.25,0.1599
278,2021-03-16,0.259943,2526,16.35,0.163
279,2021-03-15,0.261003,2530,16.34,0.1612
280,2021-03-12,0.261658,2570,16.36,0.1613
281,2021-03-11,0.260706,2593,16.37,0.1636
282,2021-03-10,0.260558,2573,16.28,0.1596
283,2021-03-09,0.258005,2553,16.4,0.159
284,2021-03-08,0.260173,2533,16.35,0.162
285,2021-03-05,0.262443,2546,16.3,0.164
286,2021-03-04,0.265205,2625,16.22,0.1626
287,2021-03-03,0.266588,2657,16.4,0.1614
288,2021-03-02,0.266071,2645,16.34,0.1643
289,2021-03-01,0.267559,2639,16.12,0.1621
290,2021-02-26,0.269469,2604,16.22,0.1753
291,2021-02-25,0.270222,2608,16.56,0.1784
292,2021-02-24,0.269609,2553,16.03,0.1816
293,2021-02-23,0.270677,2499,15.86,0.1841
294,2021-02-22,0.270475,2490,16.36,0.1878
295,2021-02-19,0.269406,2443,16.27,0.1779
296,2021-02-18,0.268349,2391,16.28,0.1751
297,2021-02-17,0.269023,2374,16.52,0.1696
298,2021-02-16,0.270702,2428,16.7,0.1673
299,2021-02-12,0.269709,2433,16.56,0.1638
300,2021-02-11,0.270022,2449,17.03,0.1655
301,2021-02-10,0.271047,2677,16.28,0.1671
302,2021-02-09,0.269455,2581,16.31,0.1644
303,2021-02-08,0.268767,2577,16.54,0.1627
304,2021-02-05,0.266,2587,16.69,0.1642
305,2021-02-04,0.268622,2532,16.01,0.1605
306,2021-02-03,0.268718,2527,16.03,0.1604
307,2021-02-02,0.267617,2599,16.25,0.1629
308,2021-02-01,0.26832,2547,16.17,0.1615
309,2021-01-29,0.266909,2531,16.64,0.1583
310,2021-01-28,0.266361,2510,16.72,0.1559
311,2021-01-27,0.267903,2504,16.65,0.158
312,2021-01-26,0.267716,2545,16.56,0.1574
313,2021-01-25,0.268154,2508,17.04,0.1574
314,2021-01-22,0.268608,2529,17.54,0.1587
315,2021-01-21,0.267231,2550,16.46,0.1605
316,2021-01-20,0.267855,2569,17.13,0.1627
317,2021-01-19,0.266633,2590,16.22,0.161
318,2021-01-15,0.267852,2527,16.23,0.1645
319,2021-01-14,0.268099,2500,16.22,0.1667
320,2021-01-13,0.270263,2499,16.31,0.1584
321,2021-01-12,0.268889,2498,16.39,0.1546
322,2021-01-11,0.270182,2480,16.55,0.1567
323,2021-01-08,0.271806,2516,16.7,0.156
324,2021-01-07,0.27281,2547,16.85,0.156
325,2021-01-06,0.271572,2486,16.66,0.1625
326,2021-01-05,0.269089,2514,16.17,0.1612
327,2021-01-04,0.268844,2552,15.42,0.1576
328,2020-12-31,0.268618,2603,15.8,0.1549
329,2020-12-30,0.269909,2597,16.06,0.1528
330,2020-12-29,0.272106,2507,15.76,0.1504
331,2020-12-28,0.271231,2560,15.7,0.1498
332,2020-12-24,0.270973,2593,15.71,0.149
333,2020-12-23,0.27073,2557,15.67,0.1483
334,2020-12-22,0.272345,2535,15.7,0.1454
335,2020-12-21,0.272839,2555,15.69,0.1453
336,2020-12-18,0.2766,2506,15.64,0.1444
337,2020-12-17,0.275099,2541,15.63,0.1468
338,2020-12-16,0.274033,2517,15.77,0.1449
339,2020-12-15,0.27406,2541,15.79,0.1421
340,2020-12-14,0.273167,2589,15.84,0.1412
341,2020-12-11,0.274351,2622,15.82,0.1443
342,2020-12-10,0.273,2567,15.79,0.1466
343,2020-12-09,0.272179,2549,15.52,0.1497
344,2020-12-08,0.270786,2575,15.55,0.1439
345,2020-12-07,0.27137,2636,15.39,0.1445
346,2020-12-04,0.271876,2654,15.35,0.1444
347,2020-12-03,0.270893,2651,15.45,0.1471
348,2020-12-02,0.271577,2638,15.19,0.146
349,2020-12-01,0.266574,2691,23.27,0.1451
350,2020-11-30,0.266852,2739,23.27,0.1451
351,2020-11-25,0.266759,2724,23.11,0.1477
352,2020-11-24,0.264998,2785,23.14,0.1504
353,2020-11-23,0.265795,2753,23.14,0.1515
354,2020-11-20,0.265823,2712,15.98,0.1521
355,2020-11-19,0.265317,2665,15.59,0.1528
356,2020-11-18,0.26441,2580,16.01,0.1545
357,2020-11-17,0.265541,2517,16.16,0.1531
358,2020-11-16,0.264313,2435,16.74,0.1547
359,2020-11-13,0.263137,2365,17.71,0.1496
360,2020-11-12,0.263018,2340,18.46,0.1492
361,2020-11-11,0.262851,2353,18.92,0.1449
362,2020-11-10,0.264026,2339,23.81,0.1468
363,2020-11-09,0.264124,2390,23.46,0.1488
364,2020-11-06,0.261294,2333,23.2,0.1491
365,2020-11-05,0.258759,2312,23.57,0.1448
366,2020-11-04,0.259088,2276,23.77,0.1465
367,2020-11-03,0.253062,2290,23.86,0.1472
368,2020-11-02,0.252698,2257,23.8,0.1497
369,2020-10-30,0.252664,2293,23.9,0.1436
370,2020-10-29,0.253891,2339,23.28,0.144
371,2020-10-28,0.257129,2376,22.93,0.1489
372,2020-10-27,0.258031,2452,22.37,0.1483
373,2020-10-26,0.259538,2497,22.76,0.1477
374,2020-10-23,0.258618,2479,22.19,0.1472
375,2020-10-22,0.259399,2474,21.44,0.1478
376,2020-10-21,0.259484,2427,20.91,0.145
377,2020-10-20,0.257513,2382,21.49,0.1454
378,2020-10-19,0.257918,2425,21.65,0.1472
379,2020-10-16,0.258172,2361,20.92,0.1443
380,2020-10-15,0.260278,2343,20.83,0.1418
381,2020-10-14,0.261431,2391,20.45,0.142
382,2020-10-13,0.265184,2381,20.64,0.1401
383,2020-10-12,0.26476,2444,20.48,0.1384
384,2020-10-09,0.262474,2432,19.73,0.1423
385,2020-10-08,0.262709,2473,20.63,0.1417
386,2020-10-07,0.261629,2452,20.38,0.1414
387,2020-10-06,0.262447,2437,20.54,0.1388
388,2020-10-05,0.260974,2459,20.63,0.1361
389,2020-10-02,0.262206,2482,20.18,0.1355
390,2020-10-01,0.258947,2508,20.01,0.1358
391,2020-09-30,0.259464,2546,19.53,0.1307
392,2020-09-29,0.25468,2588,19.27,0.1299
393,2020-09-28,0.255513,2587,18.85,0.1259
394,2020-09-25,0.256682,2568,18.88,0.13
395,2020-09-24,0.258411,2599,18.15,0.1284
396,2020-09-23,0.261356,2580,18.45,0.1282
397,2020-09-22,0.26202,2556,18.42,0.1289
398,2020-09-21,0.266085,2629,19.65,0.1255
399,2020-09-18,0.266268,2641,19.59,0.1277
400,2020-09-17,0.265336,2600,19.04,0.1262
401,2020-09-16,0.266023,2602,18.89,0.1235
402,2020-09-15,0.267173,2694,18.67,0.1208
403,2020-09-14,0.266241,2556,19.23,0.1176
404,2020-09-11,0.265671,2548,19.21,0.1192
405,2020-09-10,0.266113,2537,18.63,0.1191
406,2020-09-09,0.264606,2562,18.48,0.1203
407,2020-09-08,0.266702,2555,18.81,0.1204
408,2020-09-04,0.266987,2595,18.89,0.1193
409,2020-09-03,0.268716,2634,18.96,0.1207
410,2020-09-02,0.271939,2681,19.02,0.1244
411,2020-09-01,0.271631,2666,19.81,0.126
412,2020-08-31,0.271783,2654,19.77,0.1266
413,2020-08-28,0.268233,2623,19.76,0.126
414,2020-08-27,0.268416,2539,19.76,0.1277
415,2020-08-26,0.269204,2476,19.73,0.1258
416,2020-08-25,0.268583,2487,19.59,0.1276
417,2020-08-24,0.267616,2459,19.61,0.1271
418,2020-08-21,0.271106,2409,19.6,0.1324
419,2020-08-20,0.269239,2400,19.6,0.1324
420,2020-08-19,0.273023,2460,19.53,0.1324
421,2020-08-18,0.270139,2445,19.84,0.1283
422,2020-08-17,0.269665,2421,19.85,0.1306
423,2020-08-14,0.268723,2436,19.89,0.131
424,2020-08-13,0.26801,2487,19.78,0.1311
425,2020-08-12,0.266588,2479,19.53,0.1284
426,2020-08-11,0.266887,2458,19.39,0.1274
427,2020-08-10,0.266957,2495,19.43,0.1255
428,2020-08-07,0.26907,2546,19.36,0.1267
429,2020-08-06,0.269906,2510,19.81,0.1294
430,2020-08-05,0.268759,2481,19.55,0.1254
431,2020-08-04,0.266604,2449,24.53,0.1278
432,2020-08-03,0.266447,2469,24.53,0.1272
433,2020-07-31,0.269535,2400,24.55,0.1264
434,2020-07-30,0.267619,2344,24.54,0.1211
435,2020-07-29,0.265676,2341,24.49,0.1201
436,2020-07-28,0.268068,2291,24.42,0.1201
437,2020-07-27,0.264739,2286,24.41,0.1212
438,2020-07-24,0.263105,2224,24.41,0.1149
439,2020-07-23,0.261636,2202,24.42,0.1177
440,2020-07-22,0.260249,2205,24.4,0.1186
441,2020-07-21,0.257186,2176,24.32,0.1167
442,2020-07-20,0.255673,2219,24.32,0.1172
443,2020-07-17,0.254168,2160,24.26,0.1173
444,2020-07-16,0.25509,2161,24.23,0.1179
445,2020-07-15,0.255148,2135,24.31,0.1182
446,2020-07-14,0.252706,2155,24.35,0.1132
447,2020-07-13,0.253225,2193,24.34,0.1158
448,2020-07-10,0.252851,2160,24.2,0.1176
449,2020-07-09,0.253427,2149,24.17,0.1184
450,2020-07-08,0.252036,2100,23.67,0.1208
451,2020-07-07,0.25345,2148,23.44,0.1218
452,2020-07-06,0.252099,2152,23.25,0.1193
453,2020-07-02,0.25144,2179,22.97,0.1224
454,2020-07-01,0.252902,2169,22.85,0.1217
455,2020-06-30,0.252544,2186,20.97,0.1184
456,2020-06-29,0.251247,2238,20.94,0.1171
457,2020-06-26,0.252096,2277,20.93,0.1155
458,2020-06-25,0.252484,2386,20.92,0.1181
459,2020-06-24,0.254535,2306,21.01,0.1175
460,2020-06-23,0.25427,2290,21.0,0.1179
461,2020-06-22,0.250206,2270,21.01,0.1192
462,2020-06-19,0.251878,2252,20.99,0.1205
463,2020-06-18,0.25194,2270,20.92,0.1189
464,2020-06-17,0.253505,2230,20.75,0.1211
465,2020-06-16,0.256871,2360,20.64,0.1219
466,2020-06-15,0.253203,2355,20.6,0.1204
467,2020-06-12,0.252423,2396,20.42,0.1187
468,2020-06-11,0.255155,2362,20.45,0.1194
469,2020-06-10,0.255167,2470,20.35,0.1223
470,2020-06-09,0.255813,2484,20.56,0.12
471,2020-06-08,0.255363,2413,20.14,0.1194
472,2020-06-05,0.255879,2398,19.88,0.1202
473,2020-06-04,0.255063,2396,20.21,0.1173
474,2020-06-03,0.255239,2395,19.83,0.1162
475,2020-06-02,0.252754,2402,19.6,0.1122
476,2020-06-01,0.25079,2493,18.97,0.11
477,2020-05-29,0.248663,2454,18.5,0.1091
478,2020-05-28,0.248788,2429,17.9,0.108
479,2020-05-27,0.247465,2363,17.93,0.108
480,2020-05-26,0.242213,2394,17.52,0.1105
481,2020-05-22,0.242618,2394,17.03,0.1093
482,2020-05-21,0.24209,2340,17.63,0.1098
483,2020-05-20,0.240431,2401,17.71,0.1119
484,2020-05-19,0.239422,2435,17.28,0.1085
485,2020-05-18,0.236984,2404,16.66,0.108
486,2020-05-15,0.237189,2399,16.85,0.1038
487,2020-05-14,0.237012,2413,16.1,0.1046
488,2020-05-13,0.237891,2456,15.35,0.1026
489,2020-05-12,0.237242,2402,14.6,0.1025
490,2020-05-11,0.238271,2463,14.43,0.1012
491,2020-05-08,0.2382,2400,13.68,0.1029
492,2020-05-07,0.237444,2381,13.3,0.1033
493,2020-05-06,0.238903,2363,13.62,0.1027
494,2020-05-05,0.239892,2378,13.63,0.1078
495,2020-05-04,0.239991,2387,12.94,0.104
496,2020-05-01,0.240912,2402,12.19,0.1097
497,2020-04-30,0.239212,2414,12.44,0.1039
498,2020-04-29,0.238186,2377,12.63,0.0976
499,2020-04-28,0.238618,2342,12.12,0.0934
500,2020-04-27,0.238515,2330,11.95,0.0921
501,2020-04-24,0.237265,2323,11.66,0.0973
502,2020-04-23,0.237569,2363,11.32,0.0984
503,2020-04-22,0.239389,2375,11.05,0.0983
504,2020-04-21,0.240217,2318,11.16,0.0975
505,2020-04-20,0.240437,2358,11.91,0.1006
506,2020-04-17,0.239733,2368,12.16,0.1037
507,2020-04-16,0.240298,2235,12.11,0.1016
508,2020-04-15,0.243055,2205,12.33,0.1016
509,2020-04-14,0.24046,2265,12.19,0.1005
510,2020-04-13,0.240165,2253,12.13,0.1017
511,2020-04-09,0.239779,2305,12.82,0.1043
512,2020-04-08,0.240732,2379,13.26,0.1037
513,2020-04-07,0.236782,2410,13.8,0.1038
514,2020-04-06,0.235494,2366,13.05,0.1045
515,2020-04-03,0.237931,2264,13.13,0.1031
516,2020-04-02,0.238277,2285,13.6,0.1029
517,2020-04-01,0.241803,2227,13.56,0.1004
518,2020-03-31,0.242872,2249,13.06,0.1042
519,2020-03-30,0.245501,2265,13.32,0.1073
520,2020-03-27,0.244884,2257,14.0,0.111
521,2020-03-26,0.238836,2255,14.73,0.1133
522,2020-03-25,0.234691,2248,15.15,0.1141
523,2020-03-24,0.233536,2275,15.38,0.1127
524,2020-03-23,0.237566,2257,15.47,0.1104
525,2020-03-20,0.233983,2230,16.26,0.1091
526,2020-03-19,0.244033,2216,16.27,0.1059
527,2020-03-18,0.2465,2284,15.67,0.1067
528,2020-03-17,0.2516,2318,16.33,0.1089
529,2020-03-16,0.255248,2331,16.0,0.1109
530,2020-03-13,0.25535,2425,16.34,0.117
531,2020-03-12,0.260315,2495,16.3,0.1162
532,2020-03-11,0.262956,2625,16.32,0.1226
533,2020-03-10,0.263351,2577,16.33,0.1259
534,2020-03-09,0.2639,2545,16.3,0.1261
535,2020-03-06,0.260613,2561,16.37,0.1302
536,2020-03-05,0.259327,2597,16.37,0.1342
537,2020-03-04,0.259403,2626,16.32,0.1347
538,2020-03-03,0.258118,2653,16.34,0.1376
539,2020-03-02,0.254978,2661,16.37,0.1381
540,2020-02-28,0.254448,2672,16.31,0.1446
541,2020-02-27,0.252226,2745,16.32,0.1439
542,2020-02-26,0.252698,2739,16.47,0.1479
543,2020-02-25,0.251896,2806,16.53,0.1515
544,2020-02-24,0.252534,2801,16.62,0.1527
545,2020-02-21,0.25222,2843,16.64,0.1559
546,2020-02-20,0.253139,2860,16.66,0.154
547,2020-02-19,0.253013,2847,16.77,0.1558
548,2020-02-18,0.254388,2846,17.02,0.1528
549,2020-02-14,0.255434,2886,17.01,0.1506
550,2020-02-13,0.255781,2988,17.12,0.1516
551,2020-02-12,0.256535,2904,17.29,0.1578
552,2020-02-11,0.255974,2918,17.21,0.1541
553,2020-02-10,0.256358,2940,17.29,0.1504
554,2020-02-07,0.257832,2900,17.42,0.1492
555,2020-02-06,0.259181,2849,17.23,0.1474
556,2020-02-05,0.258398,2790,17.06,0.1473
557,2020-02-04,0.257429,2757,17.3,0.1471
558,2020-02-03,0.258144,2734,17.38,0.1489
559,2020-01-31,0.256878,2801,17.14,0.1461
560,2020-01-30,0.25701,2801,17.76,0.1459
561,2020-01-29,0.258018,2727,17.98,0.1449
562,2020-01-28,0.257655,2703,17.39,0.1454
563,2020-01-27,0.259077,2734,17.33,0.1421
564,2020-01-24,0.260349,2733,18.0,0.1439
565,2020-01-23,0.261814,2771,17.98,0.1457
566,2020-01-22,0.261979,2803,17.05,0.1466
567,2020-01-21,0.261424,2818,17.03,0.1455
568,2020-01-17,0.263151,2797,17.01,0.1445
569,2020-01-16,0.263623,2712,16.98,0.1443
570,2020-01-15,0.263518,2689,16.99,0.1452
571,2020-01-14,0.263123,2655,16.94,0.1432
572,2020-01-13,0.262414,2583,17.01,0.1416
573,2020-01-10,0.261657,2589,17.03,0.1407
574,2020-01-09,0.262488,2554,16.95,0.1371
575,2020-01-08,0.262684,2501,17.0,0.1347
576,2020-01-07,0.264585,2533,17.1,0.1359
577,2020-01-06,0.263086,2484,16.97,0.1373
578,2020-01-03,0.263574,2519,16.93,0.1331
579,2020-01-02,0.263644,2532,17.06,0.1313
580,2019-12-31,0.263338,2540,19.32,0.1342
581,2019-12-30,0.262489,2463,19.32,0.1353
582,2019-12-27,0.260607,2497,19.3,0.1354
583,2019-12-26,0.260498,2405,19.35,0.1344
584,2019-12-24,0.259551,2443,19.36,0.1337
585,2019-12-23,0.260341,2427,19.37,0.1345
586,2019-12-20,0.260947,2417,19.36,0.1354
587,2019-12-19,0.260661,2435,19.36,0.1355
588,2019-12-18,0.261698,2506,19.39,0.1343
589,2019-12-17,0.261713,2534,19.38,0.1327
590,2019-12-16,0.260434,2545,19.39,0.1329
591,2019-12-13,0.260933,2572,19.4,0.135
592,2019-12-12,0.259943,2521,19.43,0.1352
593,2019-12-11,0.258603,2568,19.37,0.1342
594,2019-12-10,0.258094,2585,19.43,0.1346
595,2019-12-09,0.258574,2601,19.51,0.1338
596,2019-12-06,0.259787,2607,19.55,0.1318
597,2019-12-05,0.259136,2580,19.37,0.1308
598,2019-12-04,0.258866,2547,19.35,0.1306
599,2019-12-03,0.258445,2565,20.41,0.1286
600,2019-12-02,0.25566,2544,20.4,0.1275
601,2019-11-27,0.256023,2597,20.36,0.1279
602,2019-11-26,0.256167,2656,20.37,0.1278
603,2019-11-25,0.256522,2598,20.34,0.1282
604,2019-11-22,0.257539,2617,20.36,0.1283
605,2019-11-21,0.257958,2642,20.37,0.1261
606,2019-11-20,0.25858,2628,20.34,0.1275
607,2019-11-19,0.258078,2653,20.32,0.1269
608,2019-11-18,0.258708,2664,20.31,0.1276
609,2019-11-15,0.257288,2681,20.25,0.1273
610,2019-11-14,0.256535,2761,20.24,0.1281
611,2019-11-13,0.257199,2675,20.19,0.1285
612,2019-11-12,0.258138,2633,20.04,0.1259
613,2019-11-11,0.258392,2533,20.16,0.1257
614,2019-11-08,0.259558,2503,20.02,0.1257
615,2019-11-07,0.259595,2440,19.95,0.1239
616,2019-11-06,0.259639,2444,20.23,0.1256
617,2019-11-05,0.260675,2484,20.3,0.1271
618,2019-11-04,0.262612,2486,20.16,0.1251
619,2019-11-01,0.261759,2478,20.19,0.1248
620,2019-10-31,0.261964,2403,20.11,0.1248
621,2019-10-30,0.260566,2454,20.21,0.1241
622,2019-10-29,0.259727,2485,19.86,0.1234
623,2019-10-28,0.259128,2463,19.68,0.1254
624,2019-10-25,0.259518,2435,19.55,0.1235
625,2019-10-24,0.260546,2463,19.37,0.123
626,2019-10-23,0.260562,2457,19.01,0.1215
627,2019-10-22,0.260851,2448,18.65,0.1218
628,2019-10-21,0.260478,2474,19.18,0.1227
629,2019-10-18,0.259725,2486,18.58,0.1232
630,2019-10-17,0.258578,2488,18.6,0.1224
631,2019-10-16,0.257122,2515,18.67,0.1235
632,2019-10-15,0.256761,2522,18.68,0.1259
633,2019-10-14,0.256416,2449,18.62,0.1252
634,2019-10-11,0.255566,2506,18.71,0.1241
635,2019-10-10,0.254072,2460,18.63,0.1241
636,2019-10-09,0.253622,2407,18.71,0.1241
637,2019-10-08,0.253479,2448,18.6,0.1246
638,2019-10-07,0.254324,2422,18.48,0.1252
639,2019-10-04,0.253311,2475,18.31,0.1276
640,2019-10-03,0.251338,2520,18.48,0.1274
641,2019-10-02,0.249819,2482,18.36,0.1289
642,2019-10-01,0.249383,2453,18.28,0.1288
643,2019-09-30,0.249682,2442,18.13,0.1192
644,2019-09-27,0.24911,2490,18.15,0.1153
645,2019-09-26,0.250006,2505,17.9,0.1163
646,2019-09-25,0.251471,2469,18.09,0.118
647,2019-09-24,0.250457,2439,18.1,0.115
648,2019-09-23,0.252049,2454,18.33,0.1122
649,2019-09-20,0.254479,2473,18.66,0.1109
650,2019-09-19,0.254227,2468,18.48,0.1099
651,2019-09-18,0.255642,2401,18.73,0.11
652,2019-09-17,0.254059,2394,18.99,0.1094
653,2019-09-16,0.256235,2383,19.74,0.1109
654,2019-09-13,0.255029,2337,19.2,0.1089
655,2019-09-12,0.253785,2319,19.16,0.1076
656,2019-09-11,0.255057,2304,18.41,0.1081
657,2019-09-10,0.255012,2287,18.16,0.1088
658,2019-09-09,0.253981,2304,17.93,0.1092
659,2019-09-06,0.254201,2277,17.72,0.1102
660,2019-09-05,0.254097,2245,17.9,0.1097
661,2019-09-04,0.252461,2269,17.79,0.1101
662,2019-09-03,0.251464,2245,17.72,0.1119
663,2019-08-30,0.252118,2222,17.61,0.1114
664,2019-08-29,0.252511,2185,17.56,0.1121
665,2019-08-28,0.253274,2243,17.47,0.1137
666,2019-08-27,0.254582,2247,17.3,0.1124
667,2019-08-26,0.254519,2238,17.25,0.1143
668,2019-08-23,0.254375,2238,17.22,0.1147
669,2019-08-22,0.255153,2230,17.23,0.1158
670,2019-08-21,0.254518,2207,17.55,0.1139
671,2019-08-20,0.253672,2174,17.7,0.1144
672,2019-08-19,0.255539,2191,17.78,0.1147
673,2019-08-16,0.254194,2187,17.85,0.1164
674,2019-08-15,0.254843,2134,17.77,0.1163
675,2019-08-14,0.257945,2143,17.8,0.1161
676,2019-08-13,0.25913,2153,17.73,0.1172
677,2019-08-12,0.259121,2194,17.78,0.1156
678,2019-08-09,0.258924,2195,17.87,0.1186
679,2019-08-08,0.259316,2205,17.79,0.1143
680,2019-08-07,0.259585,2224,17.8,0.1134
681,2019-08-06,0.260247,2252,17.9,0.1173
682,2019-08-05,0.257864,2308,17.44,0.1182
683,2019-08-02,0.257182,2320,17.29,0.1202
684,2019-08-01,0.258298,2329,17.22,0.1221
685,2019-07-31,0.259646,2345,17.25,0.1221
686,2019-07-30,0.259885,2379,17.5,0.1215
687,2019-07-29,0.260647,2383,17.47,0.1207
688,2019-07-26,0.261794,2389,17.48,0.1202
689,2019-07-25,0.262116,2434,17.46,0.12
690,2019-07-24,0.26191,2463,17.41,0.1206
691,2019-07-23,0.263932,2475,17.4,0.1198
692,2019-07-22,0.263923,2532,17.41,0.1156
693,2019-07-19,0.264743,2467,17.41,0.1159
694,2019-07-18,0.263421,2440,17.42,0.1155
695,2019-07-17,0.263421,2424,17.31,0.1179
696,2019-07-16,0.264264,2429,17.5,0.1199
697,2019-07-15,0.264047,2420,17.43,0.1206
698,2019-07-12,0.26372,2503,17.55,0.123
699,2019-07-11,0.264019,2491,17.69,0.1238
700,2019-07-10,0.262488,2509,17.75,0.125
701,2019-07-09,0.263505,2522,17.8,0.1235
702,2019-07-08,0.264068,2577,17.33,0.1245
703,2019-07-05,0.266123,2463,17.38,0.1236
704,2019-07-03,0.26612,2433,17.31,0.1254
705,2019-07-02,0.266276,2472,16.27,0.1235
706,2019-07-01,0.267802,2501,16.27,0.1257
707,2019-06-28,0.267531,2425,16.27,0.1262
708,2019-06-27,0.267048,2453,16.27,0.1253
709,2019-06-26,0.267194,2461,16.32,0.1203
710,2019-06-25,0.268161,2464,16.31,0.1233
711,2019-06-24,0.267713,2487,16.3,0.1227
712,2019-06-21,0.265657,2502,16.3,0.1222
713,2019-06-20,0.263685,2446,16.29,0.1243
714,2019-06-19,0.262964,2513,16.28,0.125
715,2019-06-18,0.263456,2500,16.28,0.1261
716,2019-06-17,0.263525,2479,16.28,0.1266
717,2019-06-14,0.265076,2496,16.31,0.1275
718,2019-06-13,0.265393,2527,16.31,0.1275
719,2019-06-12,0.265809,2568,16.32,0.1262
720,2019-06-11,0.265611,2539,16.35,0.1254
721,2019-06-10,0.265837,2544,16.3,0.124
722,2019-06-07,0.26399,2478,16.26,0.125
723,2019-06-06,0.262543,2427,16.22,0.1251
724,2019-06-05,0.263123,2401,16.12,0.1221
725,2019-06-04,0.262784,2360,15.92,0.1242
726,2019-06-03,0.260991,2351,16.04,0.1219
727,2019-05-31,0.259571,2400,16.2,0.121
728,2019-05-30,0.259397,2428,16.18,0.1176
729,2019-05-29,0.259946,2438,16.07,0.1187
730,2019-05-28,0.260988,2450,16.08,0.1175
731,2019-05-24,0.259848,2467,16.31,0.1166
732,2019-05-23,0.259181,2426,16.44,0.1157
733,2019-05-22,,2413,16.34,0.1162
734,2019-05-21,0.259869,2446,16.44,0.1181
735,2019-05-20,0.259309,2387,16.51,0.1162
736,2019-05-17,0.259713,2353,16.45,0.1155
737,2019-05-16,0.260698,2372,16.23,0.1178
738,2019-05-15,0.260092,2321,16.24,0.1185
739,2019-05-14,0.260838,2293,16.19,0.1194
740,2019-05-13,0.261387,2287,16.16,0.1184
741,2019-05-10,0.261042,2312,16.31,0.1172
742,2019-05-09,0.260879,2336,16.35,0.1178
743,2019-05-08,0.260957,2305,16.43,0.1165
744,2019-05-07,0.261558,2301,16.55,0.1195
745,2019-05-06,0.261178,2340,16.62,0.1188
746,2019-05-03,0.260627,2379,16.58,0.1201
747,2019-05-02,0.261479,2374,16.35,0.1223
748,2019-05-01,0.261753,2315,16.26,0.1221
749,2019-04-30,0.26058,2359,16.21,0.1199
750,2019-04-29,0.259588,2383,15.97,0.1163
751,2019-04-26,0.259558,2335,15.97,0.1226
752,2019-04-25,0.259619,2285,15.98,0.1236
753,2019-04-24,0.26198,2248,15.91,0.1268
754,2019-04-23,0.26285,2292,15.87,0.127
755,2019-04-22,0.262826,2342,15.82,0.1254
756,2019-04-18,0.264575,2372,15.69,0.1276
757,2019-04-17,0.264131,2403,15.69,0.1235
758,2019-04-16,0.264473,2346,15.63,0.1251
759,2019-04-15,0.264208,2406,15.65,0.1266
760,2019-04-12,0.26297,2424,15.78,0.1277
761,2019-04-11,0.263518,2388,15.78,0.1266
762,2019-04-10,0.262936,2443,15.92,0.1281
763,2019-04-09,0.262605,2446,15.85,0.1278
764,2019-04-08,0.261479,2430,15.72,0.1257
765,2019-04-05,0.261609,2413,15.76,0.1276
766,2019-04-04,0.262034,2415,15.71,0.1271
767,2019-04-03,0.260777,2376,15.67,0.1242
768,2019-04-02,0.260797,2356,15.06,0.1266
769,2019-04-01,0.260947,2327,15.06,0.1267
770,2019-03-29,0.261465,2280,15.06,0.1253
771,2019-03-28,0.262171,2257,15.06,0.1253
772,2019-03-27,0.262849,2248,15.08,0.1258
773,2019-03-26,0.263747,2237,15.06,0.1259
774,2019-03-25,0.262771,2216,15.05,0.1248
775,2019-03-22,0.265495,2159,15.03,0.1257
776,2019-03-21,0.267147,2132,15.03,0.125
777,2019-03-20,0.264883,2143,14.94,0.1274
778,2019-03-19,0.264131,2202,14.93,0.1278
779,2019-03-18,0.263317,2196,14.92,0.1284
780,2019-03-15,0.262857,2197,14.94,0.1252
781,2019-03-14,0.263602,2214,14.95,0.1241
782,2019-03-13,0.262595,2216,14.91,0.1236
783,2019-03-12,0.261835,2217,14.92,0.1233
784,2019-03-11,0.261138,2202,14.93,0.1229
785,2019-03-08,0.259592,2198,14.97,0.1218
786,2019-03-07,0.263258,2182,15.09,0.1214
787,2019-03-06,0.262975,2245,15.19,0.1216
788,2019-03-05,0.263908,2157,15.12,0.1244
789,2019-03-04,0.264257,2156,15.13,0.1236
790,2019-03-01,0.264333,2217,15.2,0.1262
791,2019-02-28,0.263797,2247,15.24,0.1273
792,2019-02-27,0.263581,2313,15.31,0.1291
793,2019-02-26,0.262066,2276,15.27,0.1288
794,2019-02-25,0.261349,2256,15.07,0.131
795,2019-02-22,0.261758,2288,14.9,0.1337
796,2019-02-21,0.261986,2275,14.72,0.1324
797,2019-02-20,0.261955,2317,14.6,0.1344
798,2019-02-19,0.26126,2350,14.7,0.1335
799,2019-02-15,0.260899,2339,14.53,0.1314
800,2019-02-14,0.259686,2270,14.56,0.1261
801,2019-02-13,0.261953,2248,14.78,0.1275
802,2019-02-12,0.260913,2227,14.85,0.1285
803,2019-02-11,0.262746,2224,14.69,0.1267
804,2019-02-08,0.263351,2196,14.59,0.1271
805,2019-02-07,0.264643,2221,14.56,0.1273
806,2019-02-06,0.266156,2257,14.36,0.129
807,2019-02-05,0.266952,2219,14.2,0.1282
808,2019-02-04,0.267442,2228,14.23,0.1285
809,2019-02-01,0.268572,2168,14.39,0.126
810,2019-01-31,0.268111,2168,14.36,0.1273
811,2019-01-30,0.266337,2176,14.46,0.1253
812,2019-01-29,0.266337,2215,14.39,0.1269
813,2019-01-28,0.266315,2250,14.24,0.1279
814,2019-01-25,0.263838,2225,13.98,0.1244
815,2019-01-24,0.265463,2256,13.94,0.1298
816,2019-01-23,0.265146,2245,13.97,0.1297
817,2019-01-22,0.265449,2246,14.13,0.1293
818,2019-01-18,0.265774,2307,14.22,0.1303
819,2019-01-17,0.266275,2335,14.14,0.1285
820,2019-01-16,0.265998,2322,14.27,0.1317
821,2019-01-15,0.267485,2274,14.05,0.1316
822,2019-01-14,0.267147,2341,14.3,0.1275
823,2019-01-11,0.267936,2356,14.07,0.1278
824,2019-01-10,0.268608,2369,14.08,0.1267
825,2019-01-09,0.266667,2351,14.05,0.1287
826,2019-01-08,0.2673,2382,14.08,0.1276
827,2019-01-07,0.265931,2410,14.14,0.1265
828,2019-01-04,0.265562,2361,14.25,0.1193
829,2019-01-03,0.263317,2400,14.32,0.1169
830,2019-01-02,0.267373,2394,14.3,0.1193
831,2018-12-31,0.26618,2416,14.31,0.1203
832,2018-12-28,0.26632,2408,14.41,0.1239
833,2018-12-27,0.265386,2373,14.23,0.1225
834,2018-12-26,0.265922,2429,14.19,0.1239
835,2018-12-24,0.265546,2315,14.17,0.124
836,2018-12-21,0.26748,2271,14.28,0.1234
837,2018-12-20,0.265498,2271,14.3,0.1243
838,2018-12-19,0.265488,2317,14.18,0.1247
839,2018-12-18,0.26502,2271,14.31,0.123
840,2018-12-17,0.263449,2230,14.2,0.1249
841,2018-12-14,0.264643,2237,14.22,0.1265
842,2018-12-13,0.265087,2250,14.19,0.1275
843,2018-12-12,0.263369,2162,14.15,0.1274
844,2018-12-11,0.264431,2116,14.03,0.1283
845,2018-12-10,0.265632,2206,13.81,0.1272
846,2018-12-07,0.265798,2225,13.98,0.1287
847,2018-12-06,0.265031,2128,14.01,0.1264
848,2018-12-04,0.265565,2187,14.2,0.1275
849,2018-12-03,0.264466,2203,14.0,0.1291
850,2018-11-30,0.265808,2203,13.98,0.1284
851,2018-11-29,0.265321,2165,14.14,0.1287
852,2018-11-28,0.263158,2121,14.06,0.1284
853,2018-11-27,0.263769,2145,14.04,0.1234
854,2018-11-26,0.264181,2116,14.09,0.1248
855,2018-11-21,0.263804,2145,14.32,0.1268
856,2018-11-20,0.264662,2190,14.46,0.1246
857,2018-11-19,0.264423,2206,14.66,0.128
858,2018-11-16,0.264222,2234,14.84,0.1269
859,2018-11-15,0.263505,2166,14.88,0.1265
860,2018-11-14,0.263463,2158,14.9,0.1265
861,2018-11-13,0.260794,2211,14.81,0.1261
862,2018-11-12,0.264103,2209,14.66,0.1294
863,2018-11-09,0.265726,2250,14.47,0.1273
864,2018-11-08,0.266764,2265,14.48,0.1284
865,2018-11-07,0.26588,2383,14.66,0.1301
866,2018-11-06,0.265168,2379,14.52,0.1296
867,2018-11-05,0.264753,2312,14.7,0.1315
868,2018-11-02,0.263908,2267,14.78,0.1344
869,2018-11-01,0.260677,2264,14.88,0.1319
870,2018-10-31,0.261993,2234,14.79,0.1319
871,2018-10-30,0.262867,2215,14.77,0.1332
872,2018-10-29,0.26455,2195,14.87,0.135
873,2018-10-26,0.263955,2251,15.08,0.1384
874,2018-10-25,0.26448,2209,15.11,0.1397
875,2018-10-24,0.267079,2137,14.9,0.1401
876,2018-10-23,0.267168,2187,15.1,0.1381
877,2018-10-22,0.267928,2220,15.42,0.1382
878,2018-10-19,0.266106,2162,15.53,0.1389
879,2018-10-18,0.268111,2145,15.53,0.1387
880,2018-10-17,0.270263,2226,15.64,0.1373
881,2018-10-16,0.270094,2194,15.75,0.1325
882,2018-10-15,0.268902,2141,15.72,0.1343
883,2018-10-12,0.269222,2160,15.76,0.1307
884,2018-10-11,0.266902,2097,15.76,0.1292
885,2018-10-10,0.267423,2088,15.89,0.1285
886,2018-10-09,0.266275,2119,15.99,0.1297
887,2018-10-08,0.26769,2086,16.03,0.1294
888,2018-10-05,0.267304,2024,15.81,0.1263
889,2018-10-04,0.266951,2010,15.82,0.1233
890,2018-10-03,0.268868,2019,15.81,0.1223
891,2018-10-02,0.27011,2086,15.94,0.1207
892,2018-10-01,0.271123,1990,15.9,0.1161
893,2018-09-28,0.272595,2057,15.8,0.112
894,2018-09-27,0.275053,2114,15.95,0.1005
895,2018-09-26,0.274516,2151,15.95,0.099
896,2018-09-25,0.273456,2195,15.89,0.1036
897,2018-09-24,0.272695,2235,15.99,0.1038
898,2018-09-21,0.274544,2167,16.04,0.1084
899,2018-09-20,0.272387,2201,16.02,0.108
900,2018-09-19,0.272483,2195,16.11,0.1076
901,2018-09-18,0.271513,2242,16.06,0.1052
902,2018-09-17,0.270152,2236,16.11,0.1063
903,2018-09-14,0.271676,2219,16.26,0.1116
904,2018-09-13,0.26996,2315,16.1,0.1168
905,2018-09-12,0.269473,2325,16.28,0.1167
906,2018-09-11,0.268861,2284,16.28,0.1118
907,2018-09-10,0.26814,2300,16.62,0.112
908,2018-09-07,0.268828,2259,16.5,0.1101
909,2018-09-06,0.269023,2281,16.42,0.108
910,2018-09-05,0.268846,2311,16.81,0.1089
911,2018-09-04,0.270673,2332,16.74,0.1064
912,2018-08-31,0.271344,2336,16.71,0.106
913,2018-08-30,0.273201,2275,16.38,0.1057
914,2018-08-29,0.273898,2349,16.48,0.1037
915,2018-08-28,0.273663,2320,15.02,0.1031
916,2018-08-27,0.27247,2346,15.03,0.1051
917,2018-08-24,0.269109,2364,15.03,0.1023
918,2018-08-23,0.271367,2337,15.0,0.1012
919,2018-08-22,0.269662,2313,15.0,0.1018
920,2018-08-21,0.266805,2259,15.01,0.1017
921,2018-08-20,0.265813,2195,15.02,0.1009
922,2018-08-17,0.264124,2149,15.01,0.1018
923,2018-08-16,0.262522,2104,14.99,0.103
924,2018-08-15,0.26363,2083,15.0,0.1023
925,2018-08-14,0.265065,2108,15.02,0.1034
926,2018-08-13,0.265435,2121,15.02,0.103
927,2018-08-10,0.269399,2086,15.04,0.1054
928,2018-08-09,0.272309,2081,14.99,0.1084
929,2018-08-08,0.272595,2111,14.86,0.1081
930,2018-08-07,0.271565,2103,14.83,0.1088
931,2018-08-06,0.271845,2122,14.82,0.1098
932,2018-08-03,0.270922,2046,14.88,0.1085
933,2018-08-02,0.273643,2072,14.81,0.1059
934,2018-08-01,0.273486,2070,14.86,0.1048
935,2018-07-31,0.274232,2170,14.76,0.1055
936,2018-07-30,0.272201,2239,14.94,0.1082
937,2018-07-27,0.271459,2233,15.02,0.1088
938,2018-07-26,0.273194,2315,14.85,0.1103
939,2018-07-25,0.271624,2245,14.92,0.1119
940,2018-07-24,0.270234,2257,14.92,0.1119
941,2018-07-23,0.271835,2299,14.64,0.1108
942,2018-07-20,0.268524,2322,14.61,0.1112
943,2018-07-19,0.270215,2292,14.84,0.1097
944,2018-07-18,0.271314,2337,15.09,0.1108
945,2018-07-17,0.272227,2395,15.0,0.1113
946,2018-07-16,0.270903,2406,15.18,0.1114
947,2018-07-13,0.269971,2513,14.84,0.1096
948,2018-07-12,0.269023,2485,15.0,0.1108
949,2018-07-11,0.271577,2480,14.65,0.1129
950,2018-07-10,0.272787,2501,14.6,0.1141
951,2018-07-09,0.269942,2443,14.16,0.114
952,2018-07-06,0.268734,2465,14.2,0.1151
953,2018-07-05,0.266144,2482,14.36,0.1148
954,2018-07-03,0.264778,2454,14.49,0.1139
955,2018-07-02,0.267633,2501,14.68,0.1156
956,2018-06-29,0.265135,2512,14.6,0.1225
957,2018-06-28,0.265798,2451,14.34,0.1188
958,2018-06-27,0.26864,2380,14.29,0.1172
959,2018-06-26,0.269259,2472,14.06,0.1212
960,2018-06-25,0.269767,2480,14.1,0.12
961,2018-06-22,0.268061,2514,14.66,0.1205
962,2018-06-21,0.26833,2513,14.86,0.1187
963,2018-06-20,0.26885,2553,15.0,0.1189
964,2018-06-19,0.270273,2453,15.12,0.1184
965,2018-06-18,0.270969,2476,15.19,0.1199
966,2018-06-15,0.269981,2519,15.43,0.1202
967,2018-06-14,0.276068,2450,15.56,0.1223
968,2018-06-13,0.274473,2380,15.75,0.1251
969,2018-06-12,0.276101,2413,15.83,0.1235
970,2018-06-11,0.275452,2372,15.43,0.1235
971,2018-06-08,0.275763,2393,15.47,0.1225
972,2018-06-07,0.276083,2274,15.42,0.1173
973,2018-06-06,0.274048,2296,15.31,0.122
974,2018-06-05,0.273898,2289,15.26,0.1202
975,2018-06-04,0.27147,2351,15.38,0.119
976,2018-06-01,0.271043,2458,15.49,0.1252
977,2018-05-31,0.270937,2454,15.57,0.1279
978,2018-05-30,0.266244,2529,15.66,0.126
979,2018-05-29,0.270397,2497,15.76,0.1246
980,2018-05-25,0.272053,2556,15.67,0.1246
981,2018-05-24,0.272253,2603,15.76,0.1238
982,2018-05-23,0.27525,2618,15.24,0.1235
983,2018-05-22,0.274857,2615,15.24,0.1215
984,2018-05-21,0.273608,2615,15.22,0.121
985,2018-05-18,0.274507,2678,15.23,0.1166
986,2018-05-17,0.276533,2639,15.23,0.1156
987,2018-05-16,0.274982,2730,15.25,0.1161
988,2018-05-15,0.279322,2674,15.25,0.1152
989,2018-05-14,0.280395,2779,15.24,0.1126
990,2018-05-11,0.280367,2805,15.23,0.1122
991,2018-05-10,0.277863,2762,15.24,0.1127
992,2018-05-09,0.277246,2770,15.27,0.1129
993,2018-05-08,0.280136,2773,15.25,0.1156
994,2018-05-07,0.281717,2848,15.28,0.1132
995,2018-05-04,0.281073,2777,15.11,0.1151
996,2018-05-03,0.279861,2841,15.12,0.1169
997,2018-05-02,0.280639,2813,15.23,0.1175
998,2018-05-01,0.285055,2894,15.23,0.1169
999,2018-04-30,0.288131,2825,15.18,0.1152
1000,2018-04-27,0.286402,2831,15.07,0.1122
1001,2018-04-26,0.288002,2802,14.98,0.1097
1002,2018-04-25,0.290841,2836,15.02,0.1086
1003,2018-04-24,0.290525,2815,15.13,0.1114
1004,2018-04-23,0.293919,2726,15.09,0.1121
1005,2018-04-20,0.296513,2729,14.9,0.1164
1006,2018-04-19,0.29749,2799,15.0,0.1175
1007,2018-04-18,0.297301,2800,14.95,0.1174
1008,2018-04-17,0.298306,2704,14.95,0.1165
1009,2018-04-16,0.296065,2702,14.8,0.1198
1010,2018-04-13,0.295071,2564,14.7,0.1208
1011,2018-04-12,0.295648,2542,14.63,0.1205
1012,2018-04-11,0.295241,2547,14.67,0.1206
1013,2018-04-10,0.29387,2489,14.85,0.1213
1014,2018-04-09,0.292427,2502,14.87,0.1236
1015,2018-04-06,0.292099,2453,14.41,0.1234
1016,2018-04-05,0.292432,2508,14.58,0.1235
1017,2018-04-04,0.292884,2475,14.64,0.1227
1018,2018-04-03,0.292056,2498,14.22,0.1247
1019,2018-04-02,0.29229,2635,14.22,0.1252
1020,2018-03-29,0.292727,2556,14.23,0.1235
1021,2018-03-28,0.294655,2597,14.21,0.1221
1022,2018-03-27,0.295037,2554,14.22,0.1254
1023,2018-03-26,0.292119,2629,14.22,0.1242
1024,2018-03-23,0.291894,2615,14.21,0.1257
1025,2018-03-22,0.292308,2535,14.21,0.1277
1026,2018-03-21,0.289595,2524,14.28,0.1267
1027,2018-03-20,0.292214,2480,14.28,0.1256
1028,2018-03-19,0.291104,2445,14.29,0.1289
1029,2018-03-16,0.292099,2522,14.28,0.1265
1030,2018-03-15,0.294655,2536,14.3,0.1274
1031,2018-03-14,0.294369,2556,14.24,0.1276
1032,2018-03-13,0.293612,2532,14.2,0.1262
1033,2018-03-12,0.293741,2546,14.18,0.1293
1034,2018-03-09,0.292838,2465,14.19,0.1284
1035,2018-03-08,0.294773,2493,14.16,0.1289
1036,2018-03-07,0.296511,2443,14.13,0.1279
1037,2018-03-06,0.294615,2441,14.17,0.1345
1038,2018-03-05,0.293781,2446,14.15,0.1356
1039,2018-03-02,0.293111,2313,14.12,0.1342
1040,2018-03-01,0.291937,2250,14.04,0.1371
1041,2018-02-28,0.2931,2218,14.02,0.1348
1042,2018-02-27,0.295451,2227,13.44,0.1301
1043,2018-02-26,0.294563,2215,13.97,0.1366
1044,2018-02-23,0.294777,2194,13.87,0.1368
1045,2018-02-22,0.294308,2146,13.88,0.1371
1046,2018-02-21,0.297366,2173,14.24,0.1338
1047,2018-02-20,0.299832,2148,14.21,0.1336
1048,2018-02-16,0.300933,2134,14.1,0.1338
1049,2018-02-15,0.30021,2134,14.04,0.1362
1050,2018-02-14,0.296481,2084,13.97,0.134
1051,2018-02-13,0.295212,1999,13.75,0.1348
1052,2018-02-12,0.292985,1970,13.56,0.1373
1053,2018-02-09,0.292555,2031,13.63,0.1367
1054,2018-02-08,0.29419,2034,13.51,0.1358
1055,2018-02-07,0.297903,2013,13.61,0.14
1056,2018-02-06,0.297405,2041,13.69,0.1384
1057,2018-02-05,0.29868,2045,13.73,0.139
1058,2018-02-02,0.301181,2059,13.61,0.1363
1059,2018-02-01,0.299196,2017,13.72,0.1337
1060,2018-01-31,0.298475,1996,13.57,0.1323
1061,2018-01-30,0.298725,1970,13.41,0.1372
1062,2018-01-29,0.300719,1946,13.52,0.1367
1063,2018-01-26,0.299199,1986,13.44,0.1336
1064,2018-01-25,0.29845,1960,13.43,0.1324
1065,2018-01-24,0.295538,1955,13.53,0.1316
1066,2018-01-23,0.294135,1929,13.61,0.1319
1067,2018-01-22,0.293752,1938,13.61,0.1317
1068,2018-01-19,0.294149,1931,13.54,0.1325
1069,2018-01-18,0.292495,1984,13.54,0.1308
1070,2018-01-17,0.29417,1985,13.69,0.1342
1071,2018-01-16,0.294196,1932,13.37,0.1359
1072,2018-01-12,0.289051,1914,13.07,0.1418
1073,2018-01-11,0.286385,1928,13.21,0.1418
1074,2018-01-10,0.284633,1941,13.13,0.1465
1075,2018-01-09,0.287049,1899,13.18,0.1473
1076,2018-01-08,0.289892,1914,13.24,0.1478
1077,2018-01-05,0.291023,1895,13.44,0.1508
1078,2018-01-04,0.289528,1905,14.05,0.1525
1079,2018-01-03,0.289838,1907,15.44,0.1531
1080,2018-01-02,0.287819,1936,15.42,0.1533
1081,2017-12-29,0.285796,1892,15.4,0.1516
1082,2017-12-28,0.284112,1911,15.42,0.15
1083,2017-12-27,0.282541,1866,15.42,0.1493
1084,2017-12-26,0.283146,1856,15.41,0.147
1085,2017-12-22,0.282569,1809,15.43,0.146
1086,2017-12-21,0.282486,1907,13.7,0.1477
1087,2017-12-20,0.281722,1931,15.44,0.1457
1088,2017-12-19,0.280167,1912,15.44,0.1441
1089,2017-12-18,0.278761,1922,15.5,0.1376
1090,2017-12-15,0.278858,1877,15.5,0.1366
1091,2017-12-14,0.280599,1893,15.51,0.1377
1092,2017-12-13,0.279002,1888,15.61,0.1385
1093,2017-12-12,0.280469,1867,15.6,0.1377
1094,2017-12-11,0.28045,1912,15.61,0.1395
1095,2017-12-08,0.279833,1887,15.6,0.1405
1096,2017-12-07,0.280235,1880,15.51,0.1431
1097,2017-12-06,0.281028,1906,15.42,0.1445
1098,2017-12-05,0.282011,1932,15.42,0.149
1099,2017-12-04,0.281976,2003,15.37,0.1506
1100,2017-12-01,0.28315,2041,15.32,0.1498
1101,2017-11-30,0.282095,2049,15.37,0.1508
1102,2017-11-29,0.28196,2106,15.25,0.1507
1103,2017-11-28,0.282837,2049,15.25,0.1504
1104,2017-11-27,0.283374,2067,15.21,0.1539
1105,2017-11-24,0.281636,2107,15.42,0.1545
1106,2017-11-22,0.278361,2124,15.42,0.1528
1107,2017-11-21,0.277469,2110,16.82,0.1488
1108,2017-11-20,0.277331,2089,15.4,0.1498
1109,2017-11-17,0.278056,2131,15.27,0.1537
1110,2017-11-16,,2140,15.46,0.1526
1111,2017-11-15,0.27757,2133,15.73,0.1509
1112,2017-11-14,0.275459,2149,15.76,0.151
1113,2017-11-13,0.275991,2208,15.69,0.1513
1114,2017-11-10,0.275326,2223,15.59,0.1496
1115,2017-11-09,0.273747,2198,16.74,0.1488
1116,2017-11-08,0.27347,2216,16.5,0.1484
1117,2017-11-07,0.274036,2163,16.47,0.1472
1118,2017-11-06,0.273673,2117,16.56,0.1456
1119,2017-11-03,0.275346,2061,16.54,0.1438
1120,2017-11-02,0.27474,2052,16.56,0.1423
1121,2017-11-01,0.274884,2123,16.63,0.1461
1122,2017-10-31,0.274201,2094,16.58,0.1474
1123,2017-10-30,0.273354,2118,16.54,0.1473
1124,2017-10-27,0.27359,2115,16.42,0.1463
1125,2017-10-26,0.278621,2127,16.29,0.1411
1126,2017-10-25,0.276962,2079,16.13,0.1418
1127,2017-10-24,0.278056,2084,15.95,0.1428
1128,2017-10-23,0.277772,2124,15.98,0.1388
1129,2017-10-20,0.279947,2138,15.72,0.14
1130,2017-10-19,0.278578,2145,16.09,0.1413
1131,2017-10-18,0.27794,2067,16.34,0.1408
1132,2017-10-17,0.278639,2064,16.31,0.1403
1133,2017-10-16,0.277778,2044,16.15,0.1418
1134,2017-10-13,0.277188,2087,16.13,0.1441
1135,2017-10-12,0.277982,2090,16.11,0.1428
1136,2017-10-11,0.275159,2097,16.17,0.143
1137,2017-10-10,0.2731,2045,16.24,0.1417
1138,2017-10-09,0.272428,2008,16.4,0.14
1139,2017-10-06,0.272239,2085,16.57,0.1398
1140,2017-10-05,0.273526,2084,16.75,0.1439
1141,2017-10-04,0.272366,2078,16.63,0.1425
1142,2017-10-03,0.272327,2082,16.37,0.1404
1143,2017-10-02,0.272837,2037,16.38,0.1431
1144,2017-09-29,0.273026,2043,16.38,0.141
1145,2017-09-28,0.27175,1980,16.37,0.1323
1146,2017-09-27,0.275076,2015,16.37,0.1308
1147,2017-09-26,0.277531,1971,16.37,0.1321
1148,2017-09-25,0.279408,1972,16.37,0.1374
1149,2017-09-22,0.279403,1983,16.37,0.1398
1150,2017-09-21,0.277585,2021,16.35,0.1405
1151,2017-09-20,0.280224,1998,16.26,0.1407
1152,2017-09-19,0.278489,1965,16.27,0.1376
1153,2017-09-18,0.279167,1975,16.27,0.1431
1154,2017-09-15,0.278656,2009,16.23,0.1455
1155,2017-09-14,0.277661,1973,16.26,0.1427
1156,2017-09-13,0.281223,1990,16.28,0.1433
1157,2017-09-12,0.281714,1951,16.32,0.1402
1158,2017-09-11,0.28331,1934,16.22,0.1429
1159,2017-09-08,0.28331,1933,16.28,0.1409
1160,2017-09-07,0.280741,1906,16.28,0.1403
1161,2017-09-06,0.28173,1917,16.34,0.1429
1162,2017-09-05,0.28055,1946,16.28,0.1403
1163,2017-09-01,0.280591,1947,16.15,0.1375
1164,2017-08-31,0.279585,1926,16.2,0.144
1165,2017-08-30,0.281449,1924,16.27,0.1391
1166,2017-08-29,0.28129,1959,16.34,0.1382
1167,2017-08-28,0.281177,1997,16.46,0.1431
1168,2017-08-25,0.276922,1933,16.64,0.1403
1169,2017-08-24,0.275926,1895,16.67,0.1402
1170,2017-08-23,0.275387,1871,16.72,0.1367
1171,2017-08-22,0.276234,1886,16.92,0.1351
1172,2017-08-21,0.274929,1892,17.13,0.1352
1173,2017-08-18,0.274342,1878,17.19,0.1341
1174,2017-08-17,0.275951,1904,17.15,0.1329
1175,2017-08-16,0.273665,1844,17.05,0.1294
1176,2017-08-15,0.274743,1865,16.84,0.1313
1177,2017-08-14,0.275605,1923,17.19,0.135
1178,2017-08-11,0.275002,1990,17.09,0.132
1179,2017-08-10,0.275589,1967,16.86,0.1324
1180,2017-08-09,0.275685,2002,16.94,0.1364
1181,2017-08-08,0.277558,2018,16.5,0.1378
1182,2017-08-07,0.277493,2029,16.63,0.1387
1183,2017-08-04,0.280143,1994,16.69,0.1414
1184,2017-08-03,0.278389,2061,16.86,0.1431
1185,2017-08-02,0.27757,2055,16.49,0.1479
1186,2017-08-01,0.278026,2023,16.73,0.1488
1187,2017-07-31,0.276158,2060,16.59,0.1491
1188,2017-07-28,0.275186,2060,16.56,0.1437
1189,2017-07-27,0.276219,2013,16.45,0.1443
1190,2017-07-26,0.273105,1912,16.38,0.1423
1191,2017-07-25,0.273073,1926,16.31,0.139
1192,2017-07-24,0.273837,1968,15.5,0.144
1193,2017-07-21,0.275941,1968,15.5,0.144
1194,2017-07-20,0.274003,1956,15.51,0.1441
1195,2017-07-19,0.275099,1944,15.56,0.145
1196,2017-07-18,0.273116,1911,15.6,0.141
1197,2017-07-17,0.272829,1910,15.62,0.1409
1198,2017-07-14,0.270018,1915,15.62,0.143
1199,2017-07-13,0.269965,1872,15.59,0.1414
1200,2017-07-12,0.270791,1821,15.63,0.1349
1201,2017-07-11,,1817,15.65,0.1344
1202,2017-07-10,0.269201,1838,15.55,0.1356
1203,2017-07-07,0.269527,1872,15.58,0.1415
1204,2017-07-06,0.268272,1927,15.72,0.1392
1205,2017-07-05,0.268118,1947,15.68,0.1372
1206,2017-07-03,0.270153,1958,15.67,0.1392
1207,2017-06-30,0.269778,1940,15.72,0.1381
1208,2017-06-29,0.268881,1861,15.7,0.133
1209,2017-06-28,0.267537,1884,15.82,0.1255
1210,2017-06-27,0.266164,1863,16.35,0.1265
1211,2017-06-26,0.265273,1845,16.35,0.1261
1212,2017-06-23,0.263484,1879,16.35,0.1297
1213,2017-06-22,0.262542,1823,16.35,0.1284
1214,2017-06-21,0.26224,1853,16.33,0.1306
1215,2017-06-20,0.264222,1918,16.33,0.1361
1216,2017-06-19,0.266177,1934,16.32,0.1346
1217,2017-06-16,0.263477,2028,16.33,0.1344
1218,2017-06-15,0.267192,2026,16.34,0.1347
1219,2017-06-14,0.267487,2040,16.31,0.1362
1220,2017-06-13,0.267153,2022,16.31,0.1379
1221,2017-06-12,0.267648,2059,16.31,0.1402
1222,2017-06-09,0.266443,2020,16.28,0.1427
1223,2017-06-08,0.267554,1963,16.28,0.1434
1224,2017-06-07,0.268728,1963,16.29,0.1414
1225,2017-06-06,0.268997,1975,16.37,0.1398
1226,2017-06-05,0.269706,1988,16.44,0.1389
1227,2017-06-02,0.267513,2001,16.52,0.1374
1228,2017-06-01,0.268962,2024,16.66,0.1423
1229,2017-05-31,0.267723,2048,16.7,0.1487
1230,2017-05-30,0.266517,2037,16.56,0.1502
1231,2017-05-26,0.268607,1911,16.51,0.1505
1232,2017-05-25,0.26905,1877,16.6,0.1566
1233,2017-05-24,0.266006,1894,16.23,0.1567
1234,2017-05-23,0.26782,2021,16.21,0.1587
1235,2017-05-22,0.267373,2035,16.29,0.1651
1236,2017-05-19,0.263539,2028,16.32,0.1638
1237,2017-05-18,0.26599,2084,16.2,0.1603
1238,2017-05-17,0.266052,2054,16.37,0.163
1239,2017-05-16,0.26165,2034,16.48,0.1588
1240,2017-05-15,0.25963,2041,16.48,0.1561
1241,2017-05-12,0.257184,2015,16.21,0.1551
1242,2017-05-11,0.258219,1952,16.38,0.1563
1243,2017-05-10,0.25721,1954,16.09,0.1584
1244,2017-05-09,0.258211,1960,15.87,0.1544
1245,2017-05-08,0.260858,1955,15.86,0.1538
1246,2017-05-05,0.259744,1866,15.87,0.1531
1247,2017-05-04,0.258973,1839,15.69,0.1537
1248,2017-05-03,0.260485,1780,15.41,0.1577
1249,2017-05-02,0.258284,1805,15.18,0.1588
1250,2017-05-01,0.258244,1812,15.18,0.1618
1251,2017-04-28,0.257476,1841,15.17,0.1613
1252,2017-04-27,0.25816,1868,15.18,0.1518
1253,2017-04-26,0.258962,1875,15.21,0.1538
1254,2017-04-25,0.255925,1852,15.2,0.1618
1255,2017-04-24,0.255451,1816,15.2,0.1624
