date, value
2004-01-05,1474.0000
2004-01-06,1550.0000
2004-01-07,1642.0000
2004-01-08,1611.0000
2004-01-09,1671.0000
2004-01-12,1665.0000
2004-01-13,1641.0000
2004-01-14,1608.0000
2004-01-15,1605.0000
2004-01-16,1597.0000
2004-01-20,1589.0000
2004-01-21,1632.0000
2004-01-22,1678.0000
2004-01-23,1609.0000
2004-01-26,1604.0000
2004-01-27,1589.0000
2004-01-28,1525.0000
2004-01-29,1537.0000
2004-01-30,1520.0000
2004-02-02,1530.0000
2004-02-03,1600.0000
2004-02-04,1581.0000
2004-02-05,1600.0000
2004-02-06,1543.0000
2004-02-09,1510.0000
2004-02-10,1530.0000
2004-02-11,1519.0000
2004-02-12,1542.0000
2004-02-13,1536.0000
2004-02-17,1539.0000
2004-02-18,1526.0000
2004-02-19,1466.0000
2004-02-20,1450.0000
2004-02-23,1447.0000
2004-02-24,1485.8000
2004-02-25,1512.4000
2004-02-26,1579.0000
2004-02-27,1570.0000
2004-03-01,1557.0000
2004-03-02,1528.0000
2004-03-03,1491.0000
2004-03-04,1475.0000
2004-03-05,1461.0000
2004-03-08,1462.0000
2004-03-09,1443.0000
2004-03-10,1384.0000
2004-03-11,1401.0000
2004-03-12,1407.0000
2004-03-15,1443.0000
2004-03-16,1474.0000
2004-03-17,1431.0000
2004-03-18,1451.0000
2004-03-19,1441.0000
2004-03-22,1493.0000
2004-03-23,1479.0000
2004-03-24,1483.0000
2004-03-25,1462.0000
2004-03-26,1478.0000
2004-03-29,1471.0000
2004-03-30,1496.0000
2004-03-31,1549.0000
2004-04-01,1517.0000
2004-04-02,1418.0000
2004-04-05,1436.0000
2004-04-06,1432.0000
2004-04-07,1400.0000
2004-04-08,1402.0000
2004-04-12,1382.0000
2004-04-13,1375.0000
2004-04-14,1380.0000
2004-04-15,1366.0000
2004-04-16,1336.0000
2004-04-19,1376.0000
2004-04-20,1332.0000
2004-04-21,1335.0000
2004-04-22,1328.0000
2004-04-23,1356.0000
2004-04-26,1396.0000
2004-04-27,1378.0000
2004-04-28,1402.0000
2004-04-29,1410.6000
2004-04-30,1413.0000
2004-05-03,1385.0000
2004-05-04,1395.0000
2004-05-05,1362.0000
2004-05-06,1361.0000
2004-05-07,1356.0000
2004-05-10,1358.0000
2004-05-11,1358.0000
2004-05-12,1358.0000
2004-05-13,1343.0000
2004-05-14,1322.0000
2004-05-17,1314.0000
2004-05-18,1320.0000
2004-05-19,1327.0000
2004-05-20,1416.0000
2004-05-21,1382.0000
2004-05-24,1368.0000
2004-05-25,1396.0000
2004-05-26,1383.0000
2004-05-27,1437.0000
2004-05-28,1465.0000
2004-06-01,1423.0000
2004-06-02,1342.0000
2004-06-03,1346.0000
2004-06-04,1334.0000
2004-06-07,1333.0000
2004-06-08,1357.0000
2004-06-09,1361.0000
2004-06-10,1347.0000
2004-06-14,1324.0000
2004-06-15,1337.0000
2004-06-16,1355.0000
2004-06-17,1350.0000
2004-06-18,1335.0000
2004-06-21,1343.0000
2004-06-22,1336.0000
2004-06-23,1339.0000
2004-06-24,1329.0000
2004-06-25,1360.4000
2004-06-28,1380.0000
2004-06-29,1383.0000
2004-06-30,1340.0000
2004-07-01,1333.0000
2004-07-02,1317.0000
2004-07-06,1338.0000
2004-07-07,1419.0000
2004-07-08,1425.0000
2004-07-09,1422.0000
2004-07-12,1444.0000
2004-07-13,1437.0000
2004-07-14,1493.0000
2004-07-15,1531.0000
2004-07-16,1528.0000
2004-07-19,1566.0000
2004-07-20,1550.0000
2004-07-21,1604.0000
2004-07-22,1622.0000
2004-07-23,1620.0000
2004-07-26,1594.0000
2004-07-27,1604.0000
2004-07-28,1658.0000
2004-07-29,1663.0000
2004-07-30,1645.0000
2004-08-02,1692.0000
2004-08-03,1723.0000
2004-08-04,1727.0000
2004-08-05,1703.0000
2004-08-06,1610.0000
2004-08-09,1615.0000
2004-08-10,1653.0000
2004-08-11,1581.0000
2004-08-12,1616.0000
2004-08-13,1627.0000
2004-08-16,1574.0000
2004-08-17,1577.0000
2004-08-18,1608.0000
2004-08-19,1698.0000
2004-08-20,1713.0000
2004-08-23,1734.0000
2004-08-24,1679.0000
2004-08-25,1658.0000
2004-08-26,1689.4000
2004-08-27,1706.4000
2004-08-30,1715.0000
2004-08-31,1685.2000
2004-09-01,1595.0000
2004-09-02,1588.0000
2004-09-03,1571.0000
2004-09-07,1479.0000
2004-09-08,1488.0000
2004-09-09,1474.0000
2004-09-10,1457.0000
2004-09-13,1456.0000
2004-09-14,1476.0000
2004-09-15,1482.0000
2004-09-16,1453.0000
2004-09-17,1461.0000
2004-09-20,1474.0000
2004-09-21,1492.0000
2004-09-22,1526.0000
2004-09-23,1522.0000
2004-09-24,1458.0000
2004-09-27,1455.0000
2004-09-28,1445.0000
2004-09-29,1449.0000
2004-09-30,1453.0000
2004-10-01,1450.0000
2004-10-04,1424.0000
2004-10-05,1424.0000
2004-10-06,1406.0000
2004-10-07,1391.0000
2004-10-08,1425.0000
2004-10-11,1460.0000
2004-10-12,1440.0000
2004-10-13,1435.0000
2004-10-14,1457.0000
2004-10-15,1447.0000
2004-10-18,1456.0000
2004-10-19,1440.0000
2004-10-20,1427.0000
2004-10-21,1434.0000
2004-10-22,1448.0000
2004-10-25,1449.0000
2004-10-26,1457.0000
2004-10-27,1470.0000
2004-10-28,1485.0000
2004-10-29,1469.0000
2004-11-01,1453.0000
2004-11-02,1453.0000
2004-11-03,1460.0000
2004-11-04,1568.0000
2004-11-05,1633.0000
2004-11-08,1792.0000
2004-11-09,1806.0000
2004-11-10,1701.0000
2004-11-11,1740.0000
2004-11-12,1694.0000
2004-11-15,1751.0000
2004-11-16,1689.0000
2004-11-17,1616.0000
2004-11-18,1611.0000
2004-11-19,1602.0000
2004-11-22,1566.0000
2004-11-23,1593.4000
2004-11-24,1606.0000
2004-11-29,1598.0000
2004-11-30,1653.0000
2004-12-01,1659.0000
2004-12-02,1652.0000
2004-12-03,1710.0000
2004-12-06,1714.0000
2004-12-07,1687.0000
2004-12-08,1650.0000
2004-12-09,1638.0000
2004-12-10,1620.0000
2004-12-13,1607.0000
2004-12-14,1598.0000
2004-12-15,1667.0000
2004-12-16,1654.0000
2004-12-17,1600.0000
2004-12-20,1591.0000
2004-12-21,1572.0000
2004-12-22,1587.0000
2004-12-23,1552.0000
2004-12-27,1564.0000
2004-12-28,1561.0000
2004-12-29,1539.0000
2004-12-30,1547.0000
2005-01-03,1527.0000
2005-01-04,1523.0000
2005-01-05,1526.0000
2005-01-06,1514.0000
2005-01-07,1473.0000
2005-01-10,1466.0000
2005-01-11,1468.0000
2005-01-12,1486.0000
2005-01-13,1505.0000
2005-01-14,1500.0000
2005-01-18,1496.0000
2005-01-19,1499.0000
2005-01-20,1498.0000
2005-01-21,1486.0000
2005-01-24,1526.0000
2005-01-25,1527.0000
2005-01-26,1575.0000
2005-01-27,1577.0000
2005-01-28,1562.0000
2005-01-31,1525.0000
2005-02-01,1561.0000
2005-02-02,1603.0000
2005-02-03,1594.0000
2005-02-04,1576.0000
2005-02-07,1615.0000
2005-02-08,1594.0000
2005-02-09,1534.0000
2005-02-10,1559.0000
2005-02-11,1550.0000
2005-02-14,1543.0000
2005-02-15,1570.0000
2005-02-16,1565.0000
2005-02-17,1596.0000
2005-02-18,1603.0000
2005-02-22,1592.0000
2005-02-23,1613.4000
2005-02-24,1647.0000
2005-02-25,1646.4000
2005-02-28,1727.0000
2005-03-01,1752.0000
2005-03-02,1720.0000
2005-03-03,1729.0000
2005-03-04,1760.0000
2005-03-07,1776.0000
2005-03-08,1769.0000
2005-03-09,1738.0000
2005-03-10,1753.0000
2005-03-11,1804.0000
2005-03-14,1772.0000
2005-03-15,1785.0000
2005-03-16,1829.0000
2005-03-17,1830.0000
2005-03-18,1844.0000
2005-03-21,1733.0000
2005-03-22,1731.0000
2005-03-23,1588.0000
2005-03-24,1584.0000
2005-03-28,1570.0000
2005-03-29,1581.0000
2005-03-30,1579.0000
2005-03-31,1613.0000
2005-04-01,1571.0000
2005-04-04,1588.0000
2005-04-05,1555.0000
2005-04-06,1555.0000
2005-04-07,1552.0000
2005-04-08,1565.0000
2005-04-11,1540.0000
2005-04-12,1555.0000
2005-04-13,1555.0000
2005-04-14,1515.0000
2005-04-15,1495.0000
2005-04-18,1494.0000
2005-04-19,1516.0000
2005-04-20,1529.0000
2005-04-21,1505.0000
2005-04-22,1473.0000
2005-04-25,1453.0000
2005-04-26,1449.6000
2005-04-27,1480.2000
2005-04-28,1474.8000
2005-04-29,1485.4000
2005-05-02,1503.0000
2005-05-03,1490.0000
2005-05-04,1496.0000
2005-05-05,1480.0000
2005-05-06,1484.0000
2005-05-09,1489.0000
2005-05-10,1497.0000
2005-05-11,1491.0000
2005-05-12,1472.0000
2005-05-13,1430.0000
2005-05-16,1451.0000
2005-05-17,1438.0000
2005-05-18,1453.0000
2005-05-19,1446.0000
2005-05-20,1440.0000
2005-05-23,1459.0000
2005-05-24,1436.0000
2005-05-25,1429.0000
2005-05-26,1415.0000
2005-05-27,1412.0000
2005-05-31,1422.0000
2005-06-01,1394.0000
2005-06-02,1420.0000
2005-06-03,1429.0000
2005-06-06,1421.0000
2005-06-07,1435.0000
2005-06-08,1431.0000
2005-06-09,1421.0000
2005-06-10,1407.0000
2005-06-13,1413.0000
2005-06-14,1484.0000
2005-06-15,1545.0000
2005-06-16,1526.0000
2005-06-17,1534.0000
2005-06-20,1523.0000
2005-06-21,1537.0000
2005-06-22,1561.0000
2005-06-23,1565.0000
2005-06-24,1517.0000
2005-06-27,1533.0000
2005-06-28,1503.0000
2005-06-29,1492.2000
2005-06-30,1449.6000
2005-07-01,1451.0000
2005-07-05,1430.0000
2005-07-06,1411.0000
2005-07-07,1397.0000
2005-07-08,1398.0000
2005-07-11,1406.0000
2005-07-12,1412.0000
2005-07-13,1404.0000
2005-07-14,1409.0000
2005-07-15,1405.0000
2005-07-18,1439.0000
2005-07-19,1425.0000
2005-07-20,1404.0000
2005-07-21,1407.0000
2005-07-22,1407.0000
2005-07-25,1420.0000
2005-07-26,1437.0000
2005-07-27,1458.0000
2005-07-28,1453.0000
2005-07-29,1479.0000
2005-08-01,1482.0000
2005-08-02,1498.0000
2005-08-03,1491.0000
2005-08-04,1479.0000
2005-08-05,1455.0000
2005-08-08,1430.0000
2005-08-09,1402.0000
2005-08-10,1399.0000
2005-08-11,1356.0000
2005-08-12,1343.0000
2005-08-15,1337.0000
2005-08-16,1341.0000
2005-08-17,1318.0000
2005-08-18,1348.0000
2005-08-19,1349.0000
2005-08-22,1368.0000
2005-08-23,1360.0000
2005-08-24,1367.0000
2005-08-25,1349.0000
2005-08-26,1384.8000
2005-08-29,1390.2000
2005-08-30,1384.4000
2005-08-31,1393.2000
2005-09-01,1496.0000
2005-09-02,1550.0000
2005-09-06,1540.0000
2005-09-07,1549.0000
2005-09-08,1569.0000
2005-09-09,1531.0000
2005-09-12,1483.0000
2005-09-13,1445.0000
2005-09-14,1423.0000
2005-09-15,1405.0000
2005-09-16,1385.0000
2005-09-19,1371.0000
2005-09-20,1375.0000
2005-09-21,1352.0000
2005-09-22,1342.0000
2005-09-23,1350.0000
2005-09-26,1335.0000
2005-09-27,1351.0000
2005-09-28,1373.0000
2005-09-29,1434.0000
2005-09-30,1413.0000
2005-10-03,1401.0000
2005-10-04,1383.0000
2005-10-05,1388.0000
2005-10-06,1392.0000
2005-10-07,1367.0000
2005-10-10,1356.0000
2005-10-11,1356.0000
2005-10-12,1349.0000
2005-10-13,1369.0000
2005-10-14,1408.0000
2005-10-17,1367.0000
2005-10-18,1386.0000
2005-10-19,1392.0000
2005-10-20,1367.0000
2005-10-21,1366.0000
2005-10-24,1408.0000
2005-10-25,1403.0000
2005-10-26,1418.0000
2005-10-27,1415.0000
2005-10-28,1382.0000
2005-10-31,1351.0000
2005-11-01,1368.0000
2005-11-02,1369.0000
2005-11-03,1376.0000
2005-11-04,1344.0000
2005-11-07,1322.0000
2005-11-08,1334.0000
2005-11-09,1341.0000
2005-11-10,1349.0000
2005-11-11,1321.0000
2005-11-14,1327.0000
2005-11-15,1337.0000
2005-11-16,1352.0000
2005-11-17,1357.0000
2005-11-18,1425.0000
2005-11-21,1414.0000
2005-11-22,1425.0000
2005-11-23,1410.6000
2005-11-28,1409.0000
2005-11-29,1403.6000
2005-11-30,1413.6000
2005-12-01,1465.0000
2005-12-02,1478.0000
2005-12-05,1440.0000
2005-12-06,1429.0000
2005-12-07,1450.0000
2005-12-08,1463.0000
2005-12-09,1461.0000
2005-12-12,1479.0000
2005-12-13,1480.0000
2005-12-14,1460.0000
2005-12-15,1468.0000
2005-12-16,1461.0000
2005-12-19,1439.0000
2005-12-20,1448.0000
2005-12-21,1450.0000
2005-12-22,1478.0000
2005-12-23,1463.0000
2005-12-27,1445.0000
2005-12-28,1469.0000
2005-12-29,1501.0000
2005-12-30,1504.0000
2006-01-03,1546.0000
2006-01-04,1544.0000
2006-01-05,1519.0000
2006-01-06,1551.0000
2006-01-09,1505.0000
2006-01-10,1519.0000
2006-01-11,1518.0000
2006-01-12,1527.0000
2006-01-13,1518.0000
2006-01-17,1571.0000
2006-01-18,1598.0000
2006-01-19,1553.0000
2006-01-20,1548.0000
2006-01-23,1531.0000
2006-01-24,1451.0000
2006-01-25,1465.0000
2006-01-26,1485.0000
2006-01-27,1455.0000
2006-01-30,1477.0000
2006-01-31,1484.0000
2006-02-01,1467.0000
2006-02-02,1453.0000
2006-02-03,1474.0000
2006-02-06,1476.0000
2006-02-07,1517.0000
2006-02-08,1522.0000
2006-02-09,1520.0000
2006-02-10,1520.0000
2006-02-13,1491.0000
2006-02-14,1508.0000
2006-02-15,1495.0000
2006-02-16,1487.0000
2006-02-17,1485.0000
2006-02-21,1444.0000
2006-02-22,1476.0000
2006-02-23,1449.2000
2006-02-24,1451.8000
2006-02-27,1431.8000
2006-02-28,1458.8000
2006-03-01,1446.0000
2006-03-02,1437.0000
2006-03-03,1457.0000
2006-03-06,1455.0000
2006-03-07,1453.0000
2006-03-08,1493.0000
2006-03-09,1488.0000
2006-03-10,1471.0000
2006-03-13,1448.0000
2006-03-14,1444.0000
2006-03-15,1489.0000
2006-03-16,1511.0000
2006-03-17,1510.0000
2006-03-20,1489.0000
2006-03-21,1504.0000
2006-03-22,1505.0000
2006-03-23,1487.0000
2006-03-24,1490.0000
2006-03-27,1484.0000
2006-03-28,1482.0000
2006-03-29,1487.0000
2006-03-30,1509.0000
2006-03-31,1489.0000
2006-04-03,1501.0000
2006-04-04,1488.0000
2006-04-05,1503.0000
2006-04-06,1496.0000
2006-04-07,1494.0000
2006-04-10,1436.0000
2006-04-11,1427.0000
2006-04-12,1431.0000
2006-04-13,1418.0000
2006-04-17,1447.0000
2006-04-18,1447.0000
2006-04-19,1459.0000
2006-04-20,1456.0000
2006-04-21,1447.0000
2006-04-24,1468.0000
2006-04-25,1503.0000
2006-04-26,1515.0000
2006-04-27,1500.0000
2006-04-28,1517.0000
2006-05-01,1531.0000
2006-05-02,1523.0000
2006-05-03,1524.0000
2006-05-04,1516.0000
2006-05-05,1522.0000
2006-05-08,1522.0000
2006-05-09,1563.0000
2006-05-10,1561.0000
2006-05-11,1566.0000
2006-05-12,1572.0000
2006-05-15,1540.0000
2006-05-16,1553.0000
2006-05-17,1540.0000
2006-05-18,1550.0000
2006-05-19,1529.0000
2006-05-22,1515.0000
2006-05-23,1501.0000
2006-05-24,1479.0000
2006-05-25,1472.0000
2006-05-26,1461.0000
2006-05-30,1459.0000
2006-05-31,1473.0000
2006-06-01,1476.0000
2006-06-02,1461.0000
2006-06-05,1474.0000
2006-06-06,1460.0000
2006-06-07,1473.0000
2006-06-08,1461.0000
2006-06-09,1476.0000
2006-06-12,1471.0000
2006-06-13,1478.0000
2006-06-14,1498.0000
2006-06-15,1527.0000
2006-06-16,1525.0000
2006-06-19,1527.0000
2006-06-20,1527.0000
2006-06-21,1537.0000
2006-06-22,1537.0000
2006-06-23,1551.0000
2006-06-26,1561.0000
2006-06-27,1567.0000
2006-06-28,1596.0000
2006-06-29,1619.0000
2006-06-30,1640.4000
2006-07-03,1667.0000
2006-07-05,1701.0000
2006-07-06,1710.0000
2006-07-07,1729.0000
2006-07-10,1734.0000
2006-07-11,1730.0000
2006-07-12,1702.0000
2006-07-13,1696.0000
2006-07-14,1718.0000
2006-07-17,1558.0000
2006-07-18,1497.0000
2006-07-19,1503.0000
2006-07-20,1514.0000
2006-07-21,1502.0000
2006-07-24,1483.0000
2006-07-25,1484.0000
2006-07-26,1479.0000
2006-07-27,1489.0000
2006-07-28,1492.0000
2006-07-31,1486.0000
2006-08-01,1487.0000
2006-08-02,1487.0000
2006-08-03,1523.0000
2006-08-04,1504.0000
2006-08-07,1522.0000
2006-08-08,1537.0000
2006-08-09,1555.0000
2006-08-10,1557.0000
2006-08-11,1559.0000
2006-08-14,1520.0000
2006-08-15,1524.0000
2006-08-16,1541.0000
2006-08-17,1500.0000
2006-08-18,1481.0000
2006-08-21,1483.0000
2006-08-22,1460.0000
2006-08-23,1470.0000
2006-08-24,1464.0000
2006-08-25,1446.0000
2006-08-28,1406.2000
2006-08-29,1429.4000
2006-08-30,1445.0000
2006-08-31,1472.0000
2006-09-01,1506.0000
2006-09-05,1507.0000
2006-09-06,1480.0000
2006-09-07,1490.0000
2006-09-08,1480.0000
2006-09-11,1478.0000
2006-09-12,1477.0000
2006-09-13,1499.0000
2006-09-14,1488.0000
2006-09-15,1473.0000
2006-09-18,1420.0000
2006-09-19,1435.0000
2006-09-20,1467.0000
2006-09-21,1529.0000
2006-09-22,1499.0000
2006-09-25,1493.0000
2006-09-26,1489.0000
2006-09-27,1502.0000
2006-09-28,1467.0000
2006-09-29,1472.0000
2006-10-02,1463.0000
2006-10-03,1449.0000
2006-10-04,1448.0000
2006-10-05,1475.0000
2006-10-06,1451.0000
2006-10-09,1437.0000
2006-10-10,1432.0000
2006-10-11,1422.0000
2006-10-12,1413.0000
2006-10-13,1416.0000
2006-10-16,1406.0000
2006-10-17,1444.0000
2006-10-18,1419.0000
2006-10-19,1443.0000
2006-10-20,1434.0000
2006-10-23,1464.0000
2006-10-24,1458.0000
2006-10-25,1458.0000
2006-10-26,1489.0000
2006-10-27,1470.0000
2006-10-30,1486.0000
2006-10-31,1484.0000
2006-11-01,1463.0000
2006-11-02,1490.0000
2006-11-03,1484.0000
2006-11-06,1493.0000
2006-11-07,1516.0000
2006-11-08,1528.0000
2006-11-09,1530.0000
2006-11-10,1509.0000
2006-11-13,1500.0000
2006-11-14,1473.0000
2006-11-15,1513.0000
2006-11-16,1468.0000
2006-11-17,1470.0000
2006-11-20,1437.0000
2006-11-21,1410.0000
2006-11-22,1425.0000
2006-11-27,1444.0000
2006-11-28,1486.2000
2006-11-29,1499.8000
2006-11-30,1542.2000
2006-12-01,1563.0000
2006-12-04,1556.0000
2006-12-05,1571.0000
2006-12-06,1579.0000
2006-12-07,1604.0000
2006-12-08,1638.0000
2006-12-11,1652.0000
2006-12-12,1644.0000
2006-12-13,1669.0000
2006-12-14,1680.0000
2006-12-15,1650.0000
2006-12-18,1657.0000
2006-12-19,1691.0000
2006-12-20,1628.0000
2006-12-21,1645.0000
2006-12-22,1627.0000
2006-12-26,1621.0000
2006-12-27,1637.0000
2006-12-28,1634.0000
2006-12-29,1635.0000
2007-01-03,1684.0000
2007-01-04,1659.0000
2007-01-05,1607.0000
2007-01-08,1589.0000
2007-01-09,1588.0000
2007-01-10,1617.0000
2007-01-11,1628.0000
2007-01-12,1631.0000
2007-01-16,1606.0000
2007-01-17,1616.0000
2007-01-18,1603.0000
2007-01-19,1594.0000
2007-01-22,1589.0000
2007-01-23,1615.0000
2007-01-24,1599.0000
2007-01-25,1602.0000
2007-01-26,1578.0000
2007-01-29,1602.0000
2007-01-30,1616.0000
2007-01-31,1617.0000
2007-02-01,1641.0000
2007-02-02,1631.0000
2007-02-05,1634.0000
2007-02-06,1653.0000
2007-02-07,1697.0000
2007-02-08,1727.0000
2007-02-09,1717.0000
2007-02-12,1721.0000
2007-02-13,1728.0000
2007-02-14,1714.0000
2007-02-15,1765.0000
2007-02-16,1770.0000
2007-02-20,1745.0000
2007-02-21,1763.0000
2007-02-22,1737.0000
2007-02-23,1765.4000
2007-02-26,1748.0000
2007-02-27,1730.2000
2007-02-28,1729.6000
2007-03-01,1803.0000
2007-03-02,1804.0000
2007-03-05,1779.0000
2007-03-06,1715.0000
2007-03-07,1755.0000
2007-03-08,1776.0000
2007-03-09,1793.0000
2007-03-12,1790.0000
2007-03-13,1804.0000
2007-03-14,1756.0000
2007-03-15,1772.0000
2007-03-16,1790.0000
2007-03-19,1778.0000
2007-03-20,1864.0000
2007-03-21,1894.0000
2007-03-22,1901.0000
2007-03-23,1920.0000
2007-03-26,1926.0000
2007-03-27,1893.0000
2007-03-28,1925.0000
2007-03-29,1941.0000
2007-03-30,1953.0000
2007-04-02,1835.0000
2007-04-03,1866.0000
2007-04-04,1902.0000
2007-04-05,1913.0000
2007-04-09,1883.0000
2007-04-10,1883.0000
2007-04-11,1900.0000
2007-04-12,1882.0000
2007-04-13,1885.0000
2007-04-16,1903.0000
2007-04-17,1956.0000
2007-04-18,1942.0000
2007-04-19,1852.0000
2007-04-20,1887.0000
2007-04-23,1873.0000
2007-04-24,1840.0000
2007-04-25,1848.2000
2007-04-26,1823.0000
2007-04-27,1822.0000
2007-04-30,1801.4000
2007-05-01,1834.0000
2007-05-02,1855.0000
2007-05-03,1879.0000
2007-05-04,1873.0000
2007-05-07,1873.0000
2007-05-08,1890.0000
2007-05-09,1929.0000
2007-05-10,1922.0000
2007-05-11,1935.0000
2007-05-14,1926.0000
2007-05-15,1901.0000
2007-05-16,1900.0000
2007-05-17,1894.0000
2007-05-18,1947.0000
2007-05-21,1949.0000
2007-05-22,1923.0000
2007-05-23,1972.0000
2007-05-24,1943.0000
2007-05-25,1928.0000
2007-05-29,1903.0000
2007-05-30,1878.0000
2007-05-31,1883.0000
2007-06-01,1883.0000
2007-06-04,1856.0000
2007-06-05,1881.0000
2007-06-06,1875.0000
2007-06-07,1845.0000
2007-06-08,1822.0000
2007-06-11,1839.0000
2007-06-12,1836.0000
2007-06-13,1837.0000
2007-06-14,1903.0000
2007-06-15,1904.0000
2007-06-18,1959.0000
2007-06-19,1948.0000
2007-06-20,1925.0000
2007-06-21,1935.0000
2007-06-22,1958.0000
2007-06-25,1952.0000
2007-06-26,2021.0000
2007-06-27,2022.0000
2007-06-28,2006.8000
2007-06-29,2060.4000
2007-07-02,2051.0000
2007-07-03,2062.0000
2007-07-05,2116.0000
2007-07-06,2123.0000
2007-07-09,2100.0000
2007-07-10,2022.0000
2007-07-11,2065.0000
2007-07-12,2077.0000
2007-07-13,2075.0000
2007-07-16,2055.0000
2007-07-17,2094.0000
2007-07-18,2097.0000
2007-07-19,2114.0000
2007-07-20,2099.0000
2007-07-23,2067.0000
2007-07-24,2100.0000
2007-07-25,2059.0000
2007-07-26,2003.0000
2007-07-27,1931.0000
2007-07-30,1931.0000
2007-07-31,1942.0000
2007-08-01,1917.0000
2007-08-02,1914.0000
2007-08-03,1893.0000
2007-08-06,1866.0000
2007-08-07,1827.0000
2007-08-08,1871.0000
2007-08-09,1826.0000
2007-08-10,1827.0000
2007-08-13,1863.0000
2007-08-14,1853.0000
2007-08-15,1872.0000
2007-08-16,1787.0000
2007-08-17,1775.0000
2007-08-20,1773.0000
2007-08-21,1793.0000
2007-08-22,1774.0000
2007-08-23,1823.0000
2007-08-24,1841.0000
2007-08-27,1822.0000
2007-08-28,1803.6000
2007-08-29,1817.4000
2007-08-30,1802.4000
2007-08-31,1832.8000
2007-09-04,1795.0000
2007-09-05,1804.0000
2007-09-06,1835.0000
2007-09-07,1836.0000
2007-09-10,1852.0000
2007-09-11,1856.0000
2007-09-12,1829.0000
2007-09-13,1818.0000
2007-09-14,1837.0000
2007-09-17,1864.0000
2007-09-18,1873.0000
2007-09-19,1900.0000
2007-09-20,1971.0000
2007-09-21,1983.0000
2007-09-24,2011.0000
2007-09-25,2042.0000
2007-09-26,2046.0000
2007-09-27,2031.0000
2007-09-28,2036.0000
2007-10-01,2030.0000
2007-10-02,1917.0000
2007-10-03,1876.0000
2007-10-04,1875.0000
2007-10-05,1858.0000
2007-10-08,1816.0000
2007-10-09,1823.0000
2007-10-10,1835.0000
2007-10-11,1855.0000
2007-10-12,1838.0000
2007-10-15,1859.0000
2007-10-16,1870.0000
2007-10-17,1875.0000
2007-10-18,1883.0000
2007-10-19,1879.0000
2007-10-22,1841.0000
2007-10-23,1852.0000
2007-10-24,1838.0000
2007-10-25,1826.0000
2007-10-26,1911.0000
2007-10-29,1951.0000
2007-10-30,1945.0000
2007-10-31,1945.0000
2007-11-01,1974.0000
2007-11-02,1970.0000
2007-11-05,1937.0000
2007-11-06,1942.0000
2007-11-07,1941.0000
2007-11-08,1945.0000
2007-11-09,1921.0000
2007-11-12,1877.0000
2007-11-13,1879.0000
2007-11-14,1882.0000
2007-11-15,1885.0000
2007-11-16,1905.0000
2007-11-19,1885.0000
2007-11-20,1937.0000
2007-11-21,1916.0000
2007-11-26,1901.0000
2007-11-27,1910.0000
2007-11-28,1915.6000
2007-11-29,1969.4000
2007-11-30,1982.0000
2007-12-03,2030.0000
2007-12-04,2067.0000
2007-12-05,2072.0000
2007-12-06,2068.0000
2007-12-07,2057.0000
2007-12-10,2101.0000
2007-12-11,2088.0000
2007-12-12,2101.0000
2007-12-13,2114.0000
2007-12-14,2082.0000
2007-12-17,2086.0000
2007-12-18,2114.0000
2007-12-19,2132.0000
2007-12-20,2092.0000
2007-12-21,2086.0000
2007-12-26,2034.0000
2007-12-27,2066.0000
2007-12-28,2057.0000
2007-12-31,2035.0000
2008-01-02,2097.0000
2008-01-03,2120.0000
2008-01-04,2098.0000
2008-01-07,2131.0000
2008-01-08,2156.0000
2008-01-09,2151.0000
2008-01-10,2166.0000
2008-01-11,2162.0000
2008-01-14,2202.0000
2008-01-15,2186.0000
2008-01-16,2154.0000
2008-01-17,2171.0000
2008-01-18,2141.0000
2008-01-22,2131.0000
2008-01-23,2138.0000
2008-01-24,2192.0000
2008-01-25,2212.0000
2008-01-28,2213.0000
2008-01-29,2235.0000
2008-01-30,2288.0000
2008-01-31,2326.0000
2008-02-01,2326.0000
2008-02-04,2346.0000
2008-02-05,2338.0000
2008-02-06,2354.0000
2008-02-07,2334.0000
2008-02-08,2378.0000
2008-02-11,2386.0000
2008-02-12,2421.0000
2008-02-13,2454.0000
2008-02-14,2467.0000
2008-02-15,2496.0000
2008-02-19,2489.0000
2008-02-20,2456.0000
2008-02-21,2485.0000
2008-02-22,2562.0000
2008-02-25,2587.0000
2008-02-26,2624.0000
2008-02-27,2723.4000
2008-02-28,2801.2000
2008-02-29,2772.4000
2008-03-03,2776.0000
2008-03-04,2752.0000
2008-03-05,2778.0000
2008-03-06,2747.0000
2008-03-07,2738.0000
2008-03-10,2714.0000
2008-03-11,2779.0000
2008-03-12,2773.0000
2008-03-13,2922.0000
2008-03-14,2904.0000
2008-03-17,2730.0000
2008-03-18,2604.0000
2008-03-19,2533.0000
2008-03-20,2299.0000
2008-03-24,2265.0000
2008-03-25,2398.0000
2008-03-26,2423.0000
2008-03-27,2432.0000
2008-03-28,2363.0000
2008-03-31,2321.0000
2008-04-01,2282.0000
2008-04-02,2230.0000
2008-04-03,2247.0000
2008-04-04,2264.0000
2008-04-07,2315.0000
2008-04-08,2288.0000
2008-04-09,2376.0000
2008-04-10,2469.0000
2008-04-11,2541.0000
2008-04-14,2550.0000
2008-04-15,2640.0000
2008-04-16,2686.0000
2008-04-17,2776.0000
2008-04-18,2700.0000
2008-04-21,2721.0000
2008-04-22,2837.0000
2008-04-23,2867.0000
2008-04-24,2859.0000
2008-04-25,2840.0000
2008-04-28,2838.0000
2008-04-29,2813.0000
2008-04-30,2797.2000
2008-05-01,2617.0000
2008-05-02,2621.0000
2008-05-05,2631.0000
2008-05-06,2726.0000
2008-05-07,2682.0000
2008-05-08,2709.0000
2008-05-09,2741.0000
2008-05-12,2751.0000
2008-05-13,2624.0000
2008-05-14,2649.0000
2008-05-15,2629.0000
2008-05-16,2676.0000
2008-05-19,2611.0000
2008-05-20,2603.0000
2008-05-21,2586.0000
2008-05-22,2574.0000
2008-05-23,2577.0000
2008-05-27,2590.0000
2008-05-28,2622.0000
2008-05-29,2730.0000
2008-05-30,2723.0000
2008-06-02,2790.0000
2008-06-03,2807.0000
2008-06-04,2796.0000
2008-06-05,2792.0000
2008-06-06,2878.0000
2008-06-09,2870.0000
2008-06-10,2858.0000
2008-06-11,2917.0000
2008-06-12,2971.0000
2008-06-13,2973.0000
2008-06-16,3003.0000
2008-06-17,2998.0000
2008-06-18,3068.0000
2008-06-19,3163.0000
2008-06-20,3204.0000
2008-06-23,3191.0000
2008-06-24,3230.0000
2008-06-25,3184.4000
2008-06-26,3209.0000
2008-06-27,3216.8000
2008-06-30,3193.8000
2008-07-01,3275.0000
2008-07-02,3248.0000
2008-07-03,3136.0000
2008-07-07,2880.0000
2008-07-08,2922.0000
2008-07-09,2927.0000
2008-07-10,2910.0000
2008-07-11,2912.0000
2008-07-14,2923.0000
2008-07-15,2964.0000
2008-07-16,3019.0000
2008-07-17,2926.0000
2008-07-18,2799.0000
2008-07-21,2825.0000
2008-07-22,2782.0000
2008-07-23,2754.0000
2008-07-24,2744.0000
2008-07-25,2813.0000
2008-07-28,2795.0000
2008-07-29,2835.0000
2008-07-30,2808.0000
2008-07-31,2858.0000
2008-08-01,2996.0000
2008-08-04,2783.0000
2008-08-05,2718.0000
2008-08-06,2756.0000
2008-08-07,2785.0000
2008-08-08,2688.0000
2008-08-11,2670.0000
2008-08-12,2693.0000
2008-08-13,2691.0000
2008-08-14,2657.0000
2008-08-15,2597.0000
2008-08-18,2609.0000
2008-08-19,2676.0000
2008-08-20,2658.0000
2008-08-21,2824.0000
2008-08-22,2790.0000
2008-08-25,2837.0000
2008-08-26,2876.0000
2008-08-27,2972.0000
2008-08-28,2852.0000
2008-08-29,2880.0000
2008-09-01,2884.0000
2008-09-02,2664.0000
2008-09-03,2678.0000
2008-09-04,2650.0000
2008-09-05,2636.0000
2008-09-08,2578.0000
2008-09-09,2562.0000
2008-09-10,2594.0000
2008-09-11,2540.0000
2008-09-12,2560.0000
2008-09-15,2607.0000
2008-09-16,2570.0000
2008-09-17,2547.0000
2008-09-18,2656.0000
2008-09-19,2690.0000
2008-09-22,2726.0000
2008-09-23,2702.0000
2008-09-24,2757.0000
2008-09-25,2740.0000
2008-09-26,2743.0000
2008-09-29,2557.0000
2008-09-30,2558.0000
2008-10-01,2511.0000
2008-10-02,2451.0000
2008-10-03,2469.0000
2008-10-06,2400.0000
2008-10-07,2422.0000
2008-10-08,2342.0000
2008-10-09,2330.0000
2008-10-10,2244.0000
2008-10-13,2277.0000
2008-10-14,2307.0000
2008-10-15,2201.0000
2008-10-16,2124.0000
2008-10-17,2122.0000
2008-10-20,2085.0000
2008-10-21,2037.0000
2008-10-22,1996.0000
2008-10-23,1990.0000
2008-10-24,1977.0000
2008-10-27,1956.0000
2008-10-28,1966.0000
2008-10-29,2137.0000
2008-10-30,2084.0000
2008-10-31,2053.0000
2008-11-03,1969.0000
2008-11-04,1999.0000
2008-11-05,1973.0000
2008-11-06,1913.0000
2008-11-07,1936.0000
2008-11-10,1939.0000
2008-11-11,1940.0000
2008-11-12,1912.0000
2008-11-13,1927.0000
2008-11-14,2040.0000
2008-11-17,2117.0000
2008-11-18,2192.0000
2008-11-19,2183.0000
2008-11-20,2179.0000
2008-11-21,2170.0000
2008-11-24,2187.6000
2008-11-25,2210.8000
2008-11-26,2257.0000
2008-11-28,2309.6000
2008-12-01,2164.0000
2008-12-02,2170.0000
2008-12-03,2183.0000
2008-12-04,2248.0000
2008-12-05,2141.0000
2008-12-08,2289.0000
2008-12-09,2257.0000
2008-12-10,2382.0000
2008-12-11,2400.0000
2008-12-12,2396.0000
2008-12-15,2560.0000
2008-12-16,2569.0000
2008-12-17,2616.0000
2008-12-18,2672.0000
2008-12-19,2595.0000
2008-12-22,2562.0000
2008-12-23,2651.0000
2008-12-24,2626.0000
2008-12-26,2626.0000
2008-12-29,2551.0000
2008-12-30,2529.0000
2008-12-31,2665.0000
2009-01-02,2540.0000
2009-01-05,2555.0000
2009-01-06,2568.0000
2009-01-07,2596.0000
2009-01-08,2616.0000
2009-01-09,2585.0000
2009-01-12,2506.0000
2009-01-13,2485.0000
2009-01-14,2398.0000
2009-01-15,2367.0000
2009-01-16,2463.0000
2009-01-20,2470.0000
2009-01-21,2602.0000
2009-01-22,2580.0000
2009-01-23,2661.0000
2009-01-26,2667.0000
2009-01-27,2745.0000
2009-01-28,2792.0000
2009-01-29,2801.0000
2009-01-30,2771.0000
2009-02-02,2720.0000
2009-02-03,2746.0000
2009-02-04,2728.0000
2009-02-05,2765.0000
2009-02-06,2828.0000
2009-02-09,2832.0000
2009-02-10,2718.0000
2009-02-11,2714.0000
2009-02-12,2644.0000
2009-02-13,2752.0000
2009-02-17,2693.0000
2009-02-18,2643.0000
2009-02-19,2655.0000
2009-02-20,2528.0000
2009-02-23,2406.0000
2009-02-24,2383.0000
2009-02-25,2476.0000
2009-02-26,2439.2000
2009-02-27,2432.0000
2009-03-02,2213.0000
2009-03-03,2282.0000
2009-03-04,2338.0000
2009-03-05,2265.0000
2009-03-06,2272.0000
2009-03-09,2266.0000
2009-03-10,2245.0000
2009-03-11,2334.0000
2009-03-12,2340.0000
2009-03-13,2381.0000
2009-03-16,2428.0000
2009-03-17,2396.0000
2009-03-18,2451.0000
2009-03-19,2591.0000
2009-03-20,2585.0000
2009-03-23,2593.0000
2009-03-24,2609.0000
2009-03-25,2586.0000
2009-03-26,2592.0000
2009-03-27,2573.0000
2009-03-30,2576.0000
2009-03-31,2605.0000
2009-04-01,2618.0000
2009-04-02,2701.0000
2009-04-03,2787.0000
2009-04-06,2548.0000
2009-04-07,2664.0000
2009-04-08,2548.0000
2009-04-09,2555.0000
2009-04-13,2561.0000
2009-04-14,2464.0000
2009-04-15,2425.0000
2009-04-16,2339.0000
2009-04-17,2402.0000
2009-04-20,2354.0000
2009-04-21,2410.0000
2009-04-22,2370.0000
2009-04-23,2440.0000
2009-04-24,2429.0000
2009-04-27,2370.6000
2009-04-28,2389.6000
2009-04-29,2393.4000
2009-04-30,2369.0000
2009-05-01,2324.0000
2009-05-04,2320.0000
2009-05-05,2377.0000
2009-05-06,2368.0000
2009-05-07,2462.0000
2009-05-08,2507.0000
2009-05-11,2470.0000
2009-05-12,2377.0000
2009-05-13,2326.0000
2009-05-14,2310.0000
2009-05-15,2338.0000
2009-05-18,2297.0000
2009-05-19,2313.0000
2009-05-20,2361.0000
2009-05-21,2380.0000
2009-05-22,2420.0000
2009-05-26,2414.0000
2009-05-27,2509.0000
2009-05-28,2583.0000
2009-05-29,2588.0000
2009-06-01,2641.0000
2009-06-02,2671.0000
2009-06-03,2734.0000
2009-06-04,2708.0000
2009-06-05,2707.0000
2009-06-08,2699.0000
2009-06-09,2768.0000
2009-06-10,2763.0000
2009-06-11,2813.0000
2009-06-12,2761.0000
2009-06-15,2601.0000
2009-06-16,2623.0000
2009-06-17,2514.0000
2009-06-18,2538.0000
2009-06-19,2505.0000
2009-06-22,2453.0000
2009-06-23,2474.0000
2009-06-24,2486.0000
2009-06-25,2532.0000
2009-06-26,2536.2000
2009-06-29,2541.8000
2009-06-30,2505.4000
2009-07-01,2504.0000
2009-07-02,2494.0000
2009-07-06,2474.0000
2009-07-07,2468.0000
2009-07-08,2542.0000
2009-07-09,2647.0000
2009-07-10,2645.0000
2009-07-13,2664.0000
2009-07-14,2727.0000
2009-07-15,2717.0000
2009-07-16,2677.0000
2009-07-17,2762.0000
2009-07-20,2868.0000
2009-07-21,2875.0000
2009-07-22,2752.0000
2009-07-23,2883.0000
2009-07-24,2907.0000
2009-07-27,2870.0000
2009-07-28,2879.0000
2009-07-29,2803.0000
2009-07-30,2898.0000
2009-07-31,2892.0000
2009-08-03,2935.0000
2009-08-04,2945.0000
2009-08-05,2862.0000
2009-08-06,2810.0000
2009-08-07,2837.0000
2009-08-10,2899.0000
2009-08-11,2824.0000
2009-08-12,2862.0000
2009-08-13,2899.0000
2009-08-14,2820.0000
2009-08-17,2722.0000
2009-08-18,2744.0000
2009-08-19,2868.0000
2009-08-20,2908.0000
2009-08-21,2949.0000
2009-08-24,2911.0000
2009-08-25,2998.0000
2009-08-26,2942.0000
2009-08-27,2806.0000
2009-08-28,2791.4000
2009-08-31,2789.6000
2009-09-01,2822.0000
2009-09-02,2939.0000
2009-09-03,2923.0000
2009-09-04,2936.0000
2009-09-08,2953.0000
2009-09-09,3033.0000
2009-09-10,3067.0000
2009-09-11,3075.0000
2009-09-14,3054.0000
2009-09-15,3094.0000
2009-09-16,3074.0000
2009-09-17,3074.0000
2009-09-18,3112.0000
2009-09-21,3076.0000
2009-09-22,3170.0000
2009-09-23,3155.0000
2009-09-24,3066.0000
2009-09-25,3083.0000
2009-09-28,3085.0000
2009-09-29,3056.0000
2009-09-30,3140.0000
2009-10-01,3092.0000
2009-10-02,3001.0000
2009-10-05,3240.0000
2009-10-06,3211.0000
2009-10-07,3242.0000
2009-10-08,3244.0000
2009-10-09,3243.0000
2009-10-12,3068.0000
2009-10-13,3096.0000
2009-10-14,3149.0000
2009-10-15,3267.0000
2009-10-16,3273.0000
2009-10-19,3305.0000
2009-10-20,3333.0000
2009-10-21,3384.0000
2009-10-22,3392.0000
2009-10-23,3365.0000
2009-10-26,3354.0000
2009-10-27,3347.0000
2009-10-28,3328.0000
2009-10-29,3355.0000
2009-10-30,3297.0000
2009-11-02,3250.0000
2009-11-03,3274.0000
2009-11-04,3272.0000
2009-11-05,3218.0000
2009-11-06,3186.0000
2009-11-09,3162.0000
2009-11-10,3089.0000
2009-11-11,3152.0000
2009-11-12,3073.0000
2009-11-13,3073.0000
2009-11-16,3092.0000
2009-11-17,3086.0000
2009-11-18,3199.0000
2009-11-19,3141.0000
2009-11-20,3245.0000
2009-11-23,3242.0000
2009-11-24,3213.6000
2009-11-25,3294.8000
2009-11-27,3256.0000
2009-11-30,3250.0000
2009-12-01,3353.0000
2009-12-02,3327.0000
2009-12-03,3388.0000
2009-12-04,3376.0000
2009-12-07,3378.0000
2009-12-08,3362.0000
2009-12-09,3411.0000
2009-12-10,3417.0000
2009-12-11,3394.0000
2009-12-14,3411.0000
2009-12-15,3365.0000
2009-12-16,3498.0000
2009-12-17,3424.0000
2009-12-18,3251.0000
2009-12-21,3251.0000
2009-12-22,3265.0000
2009-12-23,3251.0000
2009-12-24,3271.0000
2009-12-28,3230.0000
2009-12-29,3237.0000
2009-12-30,3247.0000
2009-12-31,3289.0000
2010-01-04,3256.0000
2010-01-05,3321.0000
2010-01-06,3292.0000
2010-01-07,3309.0000
2010-01-08,3296.0000
2010-01-11,3343.0000
2010-01-12,3342.0000
2010-01-13,3389.0000
2010-01-14,3392.0000
2010-01-15,3400.0000
2010-01-19,3461.0000
2010-01-20,3422.0000
2010-01-21,3431.0000
2010-01-22,3425.0000
2010-01-25,3406.0000
2010-01-26,3363.0000
2010-01-27,3268.0000
2010-01-28,3260.0000
2010-01-29,3184.0000
2010-02-01,3152.0000
2010-02-02,3132.0000
2010-02-03,3144.0000
2010-02-04,3090.0000
2010-02-05,2972.0000
2010-02-08,3019.0000
2010-02-09,3003.0000
2010-02-10,3012.0000
2010-02-11,3089.0000
2010-02-12,3093.0000
2010-02-16,3153.0000
2010-02-17,3079.0000
2010-02-18,3071.0000
2010-02-19,3098.0000
2010-02-22,3074.0000
2010-02-23,2933.8000
2010-02-24,2959.8000
2010-02-25,2920.0000
2010-02-26,2917.0000
2010-03-01,2862.0000
2010-03-02,2829.0000
2010-03-03,2823.0000
2010-03-04,2829.0000
2010-03-05,2865.0000
2010-03-08,2834.0000
2010-03-09,2802.0000
2010-03-10,2844.0000
2010-03-11,2854.0000
2010-03-12,2920.0000
2010-03-15,2866.0000
2010-03-16,2848.0000
2010-03-17,2905.0000
2010-03-18,2893.0000
2010-03-19,2834.0000
2010-03-22,2873.0000
2010-03-23,2895.0000
2010-03-24,2833.0000
2010-03-25,2820.0000
2010-03-26,2854.0000
2010-03-29,2925.0000
2010-03-30,2969.0000
2010-03-31,2969.0000
2010-04-01,2990.0000
2010-04-05,2953.0000
2010-04-06,2913.0000
2010-04-07,2855.0000
2010-04-08,2861.0000
2010-04-09,2856.0000
2010-04-12,2919.0000
2010-04-13,2868.0000
2010-04-14,2890.0000
2010-04-15,2876.0000
2010-04-16,2965.0000
2010-04-19,2942.0000
2010-04-20,3031.0000
2010-04-21,3073.0000
2010-04-22,3125.0000
2010-04-23,3182.0000
2010-04-26,3219.0000
2010-04-27,3197.0000
2010-04-28,3187.6000
2010-04-29,3205.8000
2010-04-30,3237.0000
2010-05-03,3233.0000
2010-05-04,3172.0000
2010-05-05,3203.0000
2010-05-06,3203.0000
2010-05-07,3016.0000
2010-05-10,3077.0000
2010-05-11,2951.0000
2010-05-12,2972.0000
2010-05-13,2913.0000
2010-05-14,2812.0000
2010-05-17,2814.0000
2010-05-18,2849.0000
2010-05-19,2830.0000
2010-05-20,2839.0000
2010-05-21,2895.0000
2010-05-24,2915.0000
2010-05-25,2922.0000
2010-05-26,2904.0000
2010-05-27,2973.0000
2010-05-28,2965.0000
2010-06-01,2990.0000
2010-06-02,3042.0000
2010-06-03,3048.0000
2010-06-04,2919.0000
2010-06-07,2927.0000
2010-06-08,2962.0000
2010-06-09,2972.0000
2010-06-10,2919.0000
2010-06-11,2919.0000
2010-06-14,2953.0000
2010-06-15,2933.0000
2010-06-16,2911.0000
2010-06-17,2914.0000
2010-06-18,2932.0000
2010-06-21,2959.0000
2010-06-22,3032.0000
2010-06-23,3040.0000
2010-06-24,3084.0000
2010-06-25,3096.2000
2010-06-28,3117.0000
2010-06-29,2966.6000
2010-06-30,2934.0000
2010-07-01,3041.0000
2010-07-02,2971.0000
2010-07-06,2967.0000
2010-07-07,2981.0000
2010-07-08,2969.0000
2010-07-09,2996.0000
2010-07-12,2989.0000
2010-07-13,3045.0000
2010-07-14,3153.0000
2010-07-15,3144.0000
2010-07-16,3165.0000
2010-07-19,2981.0000
2010-07-20,2977.0000
2010-07-21,2935.0000
2010-07-22,2916.0000
2010-07-23,2966.0000
2010-07-26,2973.0000
2010-07-27,2980.0000
2010-07-28,3010.0000
2010-07-29,3046.0000
2010-07-30,3091.0000
2010-08-02,3082.0000
2010-08-03,3058.0000
2010-08-04,3118.0000
2010-08-05,3113.0000
2010-08-06,3006.0000
2010-08-09,3012.0000
2010-08-10,2906.0000
2010-08-11,2854.0000
2010-08-12,2876.0000
2010-08-13,2854.0000
2010-08-16,2838.0000
2010-08-17,2838.0000
2010-08-18,2839.0000
2010-08-19,2849.0000
2010-08-20,2790.0000
2010-08-23,2798.0000
2010-08-24,2777.0000
2010-08-25,2719.0000
2010-08-26,2716.0000
2010-08-27,2692.2000
2010-08-30,2697.2000
2010-08-31,2728.4000
2010-09-01,2752.0000
2010-09-02,2735.0000
2010-09-03,2772.0000
2010-09-07,2722.0000
2010-09-08,2736.0000
2010-09-09,2694.0000
2010-09-10,2647.0000
2010-09-13,2610.0000
2010-09-14,2679.0000
2010-09-15,2689.0000
2010-09-16,2739.0000
2010-09-17,2746.0000
2010-09-20,2716.0000
2010-09-21,2779.0000
2010-09-22,2762.0000
2010-09-23,2780.0000
2010-09-24,2794.0000
2010-09-27,2839.0000
2010-09-28,2817.0000
2010-09-29,2865.0000
2010-09-30,2814.0000
2010-10-01,2783.0000
2010-10-04,2736.0000
2010-10-05,2714.0000
2010-10-06,2744.0000
2010-10-07,2740.0000
2010-10-08,2803.0000
2010-10-11,2853.0000
2010-10-12,2850.0000
2010-10-13,2867.0000
2010-10-14,2880.0000
2010-10-15,2805.0000
2010-10-18,2794.0000
2010-10-19,2750.0000
2010-10-20,2777.0000
2010-10-21,2817.0000
2010-10-22,2846.0000
2010-10-25,2930.0000
2010-10-26,2889.0000
2010-10-27,2883.0000
2010-10-28,2845.0000
2010-10-29,2797.0000
2010-11-01,2759.0000
2010-11-02,2805.0000
2010-11-03,2764.0000
2010-11-04,2756.0000
2010-11-05,2734.0000
2010-11-08,2794.0000
2010-11-09,2857.0000
2010-11-10,2826.0000
2010-11-11,2834.0000
2010-11-12,2735.0000
2010-11-15,2761.0000
2010-11-16,2724.0000
2010-11-17,2784.0000
2010-11-18,2896.0000
2010-11-19,2826.0000
2010-11-22,2811.0000
2010-11-23,2775.0000
2010-11-24,2770.6000
2010-11-26,2771.2000
2010-11-29,2741.4000
2010-11-30,2800.0000
2010-12-01,2758.0000
2010-12-02,2868.0000
2010-12-03,2935.0000
2010-12-06,3065.0000
2010-12-07,3084.0000
2010-12-08,3035.0000
2010-12-09,3010.0000
2010-12-10,2887.0000
2010-12-13,2890.0000
2010-12-14,2940.0000
2010-12-15,2979.0000
2010-12-16,3003.0000
2010-12-17,2951.0000
2010-12-20,2958.0000
2010-12-21,2975.0000
2010-12-22,2970.0000
2010-12-23,3020.0000
2010-12-27,3040.0000
2010-12-28,3065.0000
2010-12-29,3065.0000
2010-12-30,3000.0000
2010-12-31,3035.0000
2011-01-04,2932.0000
2011-01-05,2852.0000
2011-01-06,2830.0000
2011-01-07,2850.0000
2011-01-10,2881.0000
2011-01-11,2934.0000
2011-01-12,2959.0000
2011-01-13,2952.0000
2011-01-14,3019.0000
2011-01-18,3036.0000
2011-01-19,3100.0000
2011-01-20,3178.0000
2011-01-21,3184.0000
2011-01-24,3312.0000
2011-01-25,3335.0000
2011-01-26,3352.0000
2011-01-27,3358.0000
2011-01-28,3277.0000
2011-01-31,3352.0000
2011-02-01,3313.0000
2011-02-02,3352.0000
2011-02-03,3358.0000
2011-02-04,3251.0000
2011-02-07,3223.0000
2011-02-08,3239.0000
2011-02-09,3272.0000
2011-02-10,3397.0000
2011-02-11,3374.0000
2011-02-14,3400.0000
2011-02-15,3410.0000
2011-02-16,3463.0000
2011-02-17,3482.0000
2011-02-18,3546.0000
2011-02-22,3633.0000
2011-02-23,3655.0000
2011-02-24,3660.4000
2011-02-25,3662.6000
2011-02-28,3707.4000
2011-03-01,3620.0000
2011-03-02,3664.0000
2011-03-03,3733.0000
2011-03-04,3657.0000
2011-03-07,3662.0000
2011-03-08,3633.0000
2011-03-09,3527.0000
2011-03-10,3445.0000
2011-03-11,3412.0000
2011-03-14,3389.0000
2011-03-15,3255.0000
2011-03-16,3215.0000
2011-03-17,3282.0000
2011-03-18,3127.0000
2011-03-21,3189.0000
2011-03-22,3263.0000
2011-03-23,3251.0000
2011-03-24,3203.0000
2011-03-25,3242.0000
2011-03-28,3248.0000
2011-03-29,3057.0000
2011-03-30,2987.0000
2011-03-31,2952.0000
2011-04-01,3011.0000
2011-04-04,3020.0000
2011-04-05,2975.0000
2011-04-06,2999.0000
2011-04-07,2987.0000
2011-04-08,2974.0000
2011-04-11,3022.0000
2011-04-12,3053.0000
2011-04-13,3066.0000
2011-04-14,3125.0000
2011-04-15,3239.0000
2011-04-18,3127.0000
2011-04-19,3117.0000
2011-04-20,3131.0000
2011-04-21,3130.0000
2011-04-25,3128.0000
2011-04-26,3123.4000
2011-04-27,3190.8000
2011-04-28,3300.0000
2011-04-29,3350.0000
2011-05-02,3291.0000
2011-05-03,3271.0000
2011-05-04,3211.0000
2011-05-05,3055.0000
2011-05-06,3082.0000
2011-05-09,3082.0000
2011-05-10,3105.0000
2011-05-11,3118.0000
2011-05-12,3037.0000
2011-05-13,3002.0000
2011-05-16,3006.0000
2011-05-17,2980.0000
2011-05-18,2995.0000
2011-05-19,2979.0000
2011-05-20,2902.0000
2011-05-23,2865.0000
2011-05-24,2884.0000
2011-05-25,2962.0000
2011-05-26,3010.0000
2011-05-27,2969.0000
2011-05-31,2999.0000
2011-06-01,2953.0000
2011-06-02,2904.0000
2011-06-03,2878.0000
2011-06-06,2863.0000
2011-06-07,2891.0000
2011-06-08,2927.0000
2011-06-09,2980.0000
2011-06-10,2997.0000
2011-06-13,3001.0000
2011-06-14,3014.0000
2011-06-15,2987.0000
2011-06-16,2914.0000
2011-06-17,2917.0000
2011-06-20,2967.0000
2011-06-21,3027.0000
2011-06-22,3040.0000
2011-06-23,2986.0000
2011-06-24,2958.0000
2011-06-27,2996.0000
2011-06-28,3020.0000
2011-06-29,3117.0000
2011-06-30,3154.8000
2011-07-01,3155.0000
2011-07-05,3227.0000
2011-07-06,3188.0000
2011-07-07,3186.0000
2011-07-08,3091.0000
2011-07-11,3050.0000
2011-07-12,3051.0000
2011-07-13,3170.0000
2011-07-14,3156.0000
2011-07-15,3168.0000
2011-07-18,3159.0000
2011-07-19,3164.0000
2011-07-20,3183.0000
2011-07-21,3172.0000
2011-07-22,3065.0000
2011-07-25,2996.0000
2011-07-26,3015.0000
2011-07-27,3036.0000
2011-07-28,2974.0000
2011-07-29,2974.0000
2011-08-01,2955.0000
2011-08-02,2933.0000
2011-08-03,2916.0000
2011-08-04,2905.0000
2011-08-05,2936.0000
2011-08-08,2909.0000
2011-08-09,2906.0000
2011-08-10,2847.0000
2011-08-11,2856.0000
2011-08-12,2879.0000
2011-08-15,2902.0000
2011-08-16,2961.0000
2011-08-17,3017.0000
2011-08-18,2985.0000
2011-08-19,2998.0000
2011-08-22,3043.0000
2011-08-23,3137.0000
2011-08-24,3080.0000
2011-08-25,3008.0000
2011-08-26,3062.2000
2011-08-29,3126.0000
2011-08-30,3096.0000
2011-08-31,3110.0000
2011-09-01,3075.0000
2011-09-02,3098.0000
2011-09-06,2988.0000
2011-09-07,2954.0000
2011-09-08,2911.0000
2011-09-09,2873.0000
2011-09-12,2863.0000
2011-09-13,2865.0000
2011-09-14,2810.0000
2011-09-15,2791.0000
2011-09-16,2792.0000
2011-09-19,2716.0000
2011-09-20,2730.0000
2011-09-21,2727.0000
2011-09-22,2680.0000
2011-09-23,2634.0000
2011-09-26,2678.0000
2011-09-27,2721.0000
2011-09-28,2664.0000
2011-09-29,2694.0000
2011-09-30,2608.0000
2011-10-03,2575.0000
2011-10-04,2592.0000
2011-10-05,2622.0000
2011-10-06,2660.0000
2011-10-07,2652.0000
2011-10-10,2656.0000
2011-10-11,2604.0000
2011-10-12,2633.0000
2011-10-13,2630.0000
2011-10-14,2671.0000
2011-10-17,2622.0000
2011-10-18,2571.0000
2011-10-19,2603.0000
2011-10-20,2562.0000
2011-10-21,2566.0000
2011-10-24,2627.0000
2011-10-25,2636.0000
2011-10-26,2693.0000
2011-10-27,2756.0000
2011-10-28,2748.0000
2011-10-31,2696.0000
2011-11-01,2600.0000
2011-11-02,2665.0000
2011-11-03,2720.0000
2011-11-04,2697.0000
2011-11-07,2728.0000
2011-11-08,2663.0000
2011-11-09,2570.0000
2011-11-10,2504.0000
2011-11-11,2489.0000
2011-11-14,2444.0000
2011-11-15,2253.0000
2011-11-16,2291.0000
2011-11-17,2374.0000
2011-11-18,2308.0000
2011-11-21,2264.0000
2011-11-22,2250.0000
2011-11-23,2246.0000
2011-11-25,2266.6000
2011-11-28,2278.2000
2011-11-29,2262.8000
2011-11-30,2276.4000
2011-12-01,2287.0000
2011-12-02,2228.0000
2011-12-05,2206.0000
2011-12-06,2168.0000
2011-12-07,2142.0000
2011-12-08,2131.0000
2011-12-09,2067.0000
2011-12-12,2181.0000
2011-12-13,2243.0000
2011-12-14,2180.0000
2011-12-15,2151.0000
2011-12-16,2101.0000
2011-12-19,2070.0000
2011-12-20,2185.0000
2011-12-21,2244.0000
2011-12-22,2221.0000
2011-12-23,2218.0000
2011-12-27,2216.0000
2011-12-28,2133.0000
2011-12-29,2083.0000
2011-12-30,2109.0000
2012-01-03,2115.0000
2012-01-04,2075.0000
2012-01-05,2028.0000
2012-01-06,2028.0000
2012-01-09,2170.0000
2012-01-10,2333.0000
2012-01-11,2350.0000
2012-01-12,2326.0000
2012-01-13,2269.0000
2012-01-17,2270.0000
2012-01-18,2265.0000
2012-01-19,2320.0000
2012-01-20,2259.0000
2012-01-23,2269.0000
2012-01-24,2413.0000
2012-01-25,2422.0000
2012-01-26,2452.0000
2012-01-27,2406.0000
2012-01-30,2280.0000
2012-01-31,2291.0000
2012-02-01,2225.0000
2012-02-02,2225.0000
2012-02-03,2300.0000
2012-02-06,2263.0000
2012-02-07,2273.0000
2012-02-08,2263.0000
2012-02-09,2236.0000
2012-02-10,2156.0000
2012-02-13,2199.0000
2012-02-14,2270.0000
2012-02-15,2392.0000
2012-02-16,2453.0000
2012-02-17,2389.0000
2012-02-21,2456.0000
2012-02-22,2457.0000
2012-02-23,2371.0000
2012-02-24,2367.4000
2012-02-27,2407.8000
2012-02-28,2387.6000
2012-02-29,2343.8000
2012-03-01,2366.0000
2012-03-02,2334.0000
2012-03-05,2283.0000
2012-03-06,2283.0000
2012-03-07,2277.0000
2012-03-08,2395.0000
2012-03-09,2410.0000
2012-03-12,2383.0000
2012-03-13,2372.0000
2012-03-14,2314.0000
2012-03-15,2221.0000
2012-03-16,2256.0000
2012-03-19,2289.0000
2012-03-20,2372.0000
2012-03-21,2359.0000
2012-03-22,2285.0000
2012-03-23,2307.0000
2012-03-26,2331.0000
2012-03-27,2356.0000
2012-03-28,2295.0000
2012-03-29,2223.0000
2012-03-30,2219.0000
2012-04-02,2187.0000
2012-04-03,2143.0000
2012-04-04,2083.0000
2012-04-05,2085.0000
2012-04-09,2108.0000
2012-04-10,2064.0000
2012-04-11,2103.0000
2012-04-12,2160.0000
2012-04-13,2248.0000
2012-04-16,2300.0000
2012-04-17,2319.0000
2012-04-18,2283.0000
2012-04-19,2258.0000
2012-04-20,2299.0000
2012-04-23,2245.0000
2012-04-24,2325.0000
2012-04-25,2291.8000
2012-04-26,2305.0000
2012-04-27,2331.0000
2012-04-30,2227.8000
2012-05-01,2319.0000
2012-05-02,2342.0000
2012-05-03,2307.0000
2012-05-04,2289.0000
2012-05-07,2357.0000
2012-05-08,2326.0000
2012-05-09,2334.0000
2012-05-10,2338.0000
2012-05-11,2319.0000
2012-05-14,2261.0000
2012-05-15,2268.0000
2012-05-16,2292.0000
2012-05-17,2224.0000
2012-05-18,2273.0000
2012-05-21,2238.0000
2012-05-22,2179.0000
2012-05-23,2124.0000
2012-05-24,2105.0000
2012-05-25,2110.0000
2012-05-29,2110.0000
2012-05-30,2070.0000
2012-05-31,2083.0000
2012-06-01,2063.0000
2012-06-04,2094.0000
2012-06-05,2163.0000
2012-06-06,2203.0000
2012-06-07,2226.0000
2012-06-08,2200.0000
2012-06-11,2197.0000
2012-06-12,2249.0000
2012-06-13,2257.0000
2012-06-14,2225.0000
2012-06-15,2219.0000
2012-06-18,2174.0000
2012-06-19,2230.0000
2012-06-20,2167.0000
2012-06-21,2130.0000
2012-06-22,2094.0000
2012-06-25,2087.0000
2012-06-26,2149.0000
2012-06-27,2228.4000
2012-06-28,2228.4000
2012-06-29,2290.6000
2012-07-02,2290.0000
2012-07-03,2350.0000
2012-07-05,2328.0000
2012-07-06,2252.0000
2012-07-09,2319.0000
2012-07-10,2307.0000
2012-07-11,2292.0000
2012-07-12,2189.0000
2012-07-13,2216.0000
2012-07-16,2197.0000
2012-07-17,2195.0000
2012-07-18,2204.0000
2012-07-19,2230.0000
2012-07-20,2229.0000
2012-07-23,2238.0000
2012-07-24,2209.0000
2012-07-25,2230.0000
2012-07-26,2316.0000
2012-07-27,2330.0000
2012-07-30,2341.0000
2012-07-31,2376.0000
2012-08-01,2401.0000
2012-08-02,2369.0000
2012-08-03,2398.0000
2012-08-06,2398.0000
2012-08-07,2447.0000
2012-08-08,2463.0000
2012-08-09,2463.0000
2012-08-10,2446.0000
2012-08-13,2388.0000
2012-08-14,2430.0000
2012-08-15,2429.0000
2012-08-16,2424.0000
2012-08-17,2487.0000
2012-08-20,2465.0000
2012-08-21,2473.0000
2012-08-22,2420.0000
2012-08-23,2425.0000
2012-08-24,2437.0000
2012-08-27,2518.0000
2012-08-28,2604.8000
2012-08-29,2601.0000
2012-08-30,2617.4000
2012-08-31,2619.2000
2012-09-04,2551.0000
2012-09-05,2654.0000
2012-09-06,2691.0000
2012-09-07,2676.0000
2012-09-10,2653.0000
2012-09-11,2632.0000
2012-09-12,2631.0000
2012-09-13,2613.0000
2012-09-14,2642.0000
2012-09-17,2584.0000
2012-09-18,2532.0000
2012-09-19,2538.0000
2012-09-20,2519.0000
2012-09-21,2521.0000
2012-09-24,2446.0000
2012-09-25,2483.0000
2012-09-26,2469.0000
2012-09-27,2482.0000
2012-09-28,2516.0000
2012-10-01,2450.0000
2012-10-02,2475.0000
2012-10-03,2416.0000
2012-10-04,2395.0000
2012-10-05,2382.0000
2012-10-08,2381.0000
2012-10-09,2417.0000
2012-10-10,2372.0000
2012-10-11,2351.0000
2012-10-12,2366.0000
2012-10-15,2354.0000
2012-10-16,2418.0000
2012-10-17,2385.0000
2012-10-18,2438.0000
2012-10-19,2489.0000
2012-10-22,2516.0000
2012-10-23,2498.0000
2012-10-24,2399.0000
2012-10-25,2402.0000
2012-10-26,2383.0000
2012-10-29,2350.0000
2012-10-30,2390.0000
2012-10-31,2388.0000
2012-11-01,2420.0000
2012-11-02,2447.0000
2012-11-05,2444.0000
2012-11-06,2462.0000
2012-11-07,2399.0000
2012-11-08,2337.0000
2012-11-09,2358.0000
2012-11-12,2381.0000
2012-11-13,2395.0000
2012-11-14,2468.0000
2012-11-15,2502.0000
2012-11-16,2457.0000
2012-11-19,2481.0000
2012-11-20,2506.0000
2012-11-21,2531.0000
2012-11-23,2562.0000
2012-11-26,2538.0000
2012-11-27,2491.0000
2012-11-28,2488.0000
2012-11-29,2505.0000
2012-11-30,2506.0000
2012-12-03,2519.0000
2012-12-04,2444.0000
2012-12-05,2420.0000
2012-12-06,2420.0000
2012-12-07,2412.0000
2012-12-10,2379.0000
2012-12-11,2380.0000
2012-12-12,2441.0000
2012-12-13,2422.0000
2012-12-14,2435.0000
2012-12-17,2425.0000
2012-12-18,2397.0000
2012-12-19,2358.0000
2012-12-20,2328.0000
2012-12-21,2312.0000
2012-12-24,2273.0000
2012-12-26,2263.0000
2012-12-27,2255.0000
2012-12-28,2249.0000
2012-12-31,2236.0000
2013-01-02,2259.0000
2013-01-03,2256.0000
2013-01-04,2220.0000
2013-01-07,2267.0000
2013-01-08,2215.0000
2013-01-09,2223.0000
2013-01-10,2269.0000
2013-01-11,2256.0000
2013-01-14,2267.0000
2013-01-15,2270.0000
2013-01-16,2256.0000
2013-01-17,2300.0000
2013-01-18,2285.0000
2013-01-22,2213.0000
2013-01-23,2215.0000
2013-01-24,2195.0000
2013-01-25,2173.0000
2013-01-28,2161.0000
2013-01-29,2195.0000
2013-01-30,2179.0000
2013-01-31,2205.0000
2013-02-01,2205.0000
2013-02-04,2192.0000
2013-02-05,2246.0000
2013-02-06,2223.0000
2013-02-07,2238.0000
2013-02-08,2232.0000
2013-02-11,2174.0000
2013-02-12,2179.0000
2013-02-13,2143.0000
2013-02-14,2129.0000
2013-02-15,2141.0000
2013-02-19,2129.0000
2013-02-20,2127.0000
2013-02-21,2143.0000
2013-02-22,2161.0000
2013-02-25,2143.8000
2013-02-26,2125.6000
2013-02-27,2135.4000
2013-02-28,2137.2000
2013-03-01,2082.0000
2013-03-04,2056.0000
2013-03-05,2059.0000
2013-03-06,2042.0000
2013-03-07,2062.0000
2013-03-08,2120.0000
2013-03-11,2130.0000
2013-03-12,2158.0000
2013-03-13,2147.0000
2013-03-14,2130.0000
2013-03-15,2115.0000
2013-03-18,2088.0000
2013-03-19,2099.0000
2013-03-20,2152.0000
2013-03-21,2166.0000
2013-03-22,2159.0000
2013-03-25,2130.0000
2013-03-26,2146.0000
2013-03-27,2150.0000
2013-03-28,2170.0000
2013-04-01,2184.0000
2013-04-02,2171.0000
2013-04-03,2150.0000
2013-04-04,2141.0000
2013-04-05,2132.0000
2013-04-08,2185.0000
2013-04-09,2219.0000
2013-04-10,2214.0000
2013-04-11,2234.0000
2013-04-12,2261.0000
2013-04-15,2243.0000
2013-04-16,2294.0000
2013-04-17,2299.0000
2013-04-18,2310.0000
2013-04-19,2319.0000
2013-04-22,2299.0000
2013-04-23,2316.0000
2013-04-24,2322.0000
2013-04-25,2359.2000
2013-04-26,2364.0000
2013-04-29,2335.0000
2013-04-30,2368.0000
2013-05-01,2415.0000
2013-05-02,2414.0000
2013-05-03,2416.0000
2013-05-06,2402.0000
2013-05-07,2396.0000
2013-05-08,2391.0000
2013-05-09,2349.0000
2013-05-10,2300.0000
2013-05-13,2326.0000
2013-05-14,2353.0000
2013-05-15,2344.0000
2013-05-16,2294.0000
2013-05-17,2300.0000
2013-05-20,2301.0000
2013-05-21,2345.0000
2013-05-22,2317.0000
2013-05-23,2283.0000
2013-05-24,2246.0000
2013-05-28,2205.0000
2013-05-29,2210.0000
2013-05-30,2211.0000
2013-05-31,2191.0000
2013-06-03,2246.0000
2013-06-04,2283.0000
2013-06-05,2308.0000
2013-06-06,2363.0000
2013-06-07,2364.0000
2013-06-10,2360.0000
2013-06-11,2355.0000
2013-06-12,2372.0000
2013-06-13,2308.0000
2013-06-14,2246.0000
2013-06-17,2221.0000
2013-06-18,2259.0000
2013-06-19,2236.0000
2013-06-20,2172.0000
2013-06-21,2171.0000
2013-06-24,2169.0000
2013-06-25,2185.4000
2013-06-26,2174.0000
2013-06-27,2160.0000
2013-06-28,2170.0000
2013-07-01,2159.0000
2013-07-02,2178.0000
2013-07-03,2230.0000
2013-07-05,2204.0000
2013-07-08,2174.0000
2013-07-09,2186.0000
2013-07-10,2178.0000
2013-07-11,2239.0000
2013-07-12,2236.0000
2013-07-15,2221.0000
2013-07-16,2289.0000
2013-07-17,2300.0000
2013-07-18,2347.0000
2013-07-19,2364.0000
2013-07-22,2348.0000
2013-07-23,2359.0000
2013-07-24,2360.0000
2013-07-25,2347.0000
2013-07-26,2333.0000
2013-07-29,2280.0000
2013-07-30,2287.0000
2013-07-31,2298.0000
2013-08-01,2301.0000
2013-08-02,2291.0000
2013-08-05,2364.0000
2013-08-06,2374.0000
2013-08-07,2442.0000
2013-08-08,2466.0000
2013-08-09,2463.0000
2013-08-12,2473.0000
2013-08-13,2428.0000
2013-08-14,2456.0000
2013-08-15,2436.0000
2013-08-16,2445.0000
2013-08-19,2464.0000
2013-08-20,2477.0000
2013-08-21,2420.0000
2013-08-22,2420.0000
2013-08-23,2427.0000
2013-08-26,2447.0000
2013-08-27,2426.6000
2013-08-28,2477.0000
2013-08-29,2469.8000
2013-08-30,2431.4000
2013-09-03,2418.0000
2013-09-04,2496.0000
2013-09-05,2567.0000
2013-09-06,2564.0000
2013-09-09,2554.0000
2013-09-10,2570.0000
2013-09-11,2571.0000
2013-09-12,2591.0000
2013-09-13,2601.0000
2013-09-16,2636.0000
2013-09-17,2614.0000
2013-09-18,2623.0000
2013-09-19,2630.0000
2013-09-20,2608.0000
2013-09-23,2610.0000
2013-09-24,2603.0000
2013-09-25,2573.0000
2013-09-26,2597.0000
2013-09-27,2639.0000
2013-09-30,2640.0000
2013-10-01,2634.0000
2013-10-02,2632.0000
2013-10-03,2585.0000
2013-10-04,2611.0000
2013-10-07,2699.0000
2013-10-08,2718.0000
2013-10-09,2703.0000
2013-10-10,2729.0000
2013-10-11,2746.0000
2013-10-14,2713.0000
2013-10-15,2760.0000
2013-10-16,2747.0000
2013-10-17,2767.0000
2013-10-18,2721.0000
2013-10-21,2730.0000
2013-10-22,2769.0000
2013-10-23,2714.0000
2013-10-24,2686.0000
2013-10-25,2713.0000
2013-10-28,2684.0000
2013-10-29,2659.0000
2013-10-30,2660.0000
2013-10-31,2677.0000
2013-11-01,2651.0000
2013-11-04,2654.0000
2013-11-05,2736.0000
2013-11-06,2730.0000
2013-11-07,2676.0000
2013-11-08,2647.0000
2013-11-11,2586.0000
2013-11-12,2607.0000
2013-11-13,2647.0000
2013-11-14,2661.0000
2013-11-15,2736.0000
2013-11-18,2780.0000
2013-11-19,2795.0000
2013-11-20,2810.0000
2013-11-21,2796.0000
2013-11-22,2800.0000
2013-11-25,2807.0000
2013-11-26,2771.4000
2013-11-27,2767.6000
2013-11-29,2788.6000
2013-12-02,2813.0000
2013-12-03,2808.0000
2013-12-04,2769.0000
2013-12-05,2754.0000
2013-12-06,2803.0000
2013-12-09,2751.0000
2013-12-10,2773.0000
2013-12-11,2755.0000
2013-12-12,2787.0000
2013-12-13,2774.0000
2013-12-16,2792.0000
2013-12-17,2771.0000
2013-12-18,2770.0000
2013-12-19,2791.0000
2013-12-20,2819.0000
2013-12-23,2808.0000
2013-12-24,2820.0000
2013-12-26,2783.0000
2013-12-27,2785.0000
2013-12-30,2712.0000
2013-12-31,2709.0000
2014-01-02,2636.0000
2014-01-03,2699.0000
2014-01-06,2667.0000
2014-01-07,2675.0000
2014-01-08,2700.0000
2014-01-09,2684.0000
2014-01-10,2712.0000
2014-01-13,2712.0000
2014-01-14,2752.0000
2014-01-15,2748.0000
2014-01-16,2753.0000
2014-01-17,2700.0000
2014-01-21,2679.0000
2014-01-22,2697.0000
2014-01-23,2791.0000
2014-01-24,2792.0000
2014-01-27,2889.0000
2014-01-28,2905.0000
2014-01-29,2918.0000
2014-01-30,2912.0000
2014-01-31,2911.0000
2014-02-03,2914.0000
2014-02-04,2877.0000
2014-02-05,2884.0000
2014-02-06,2886.0000
2014-02-07,2922.0000
2014-02-10,2910.0000
2014-02-11,2915.0000
2014-02-12,2941.0000
2014-02-13,2929.0000
2014-02-14,2934.0000
2014-02-18,2928.0000
2014-02-19,2909.0000
2014-02-20,2950.0000
2014-02-21,2929.0000
2014-02-24,2935.0000
2014-02-25,2903.4000
2014-02-26,2918.2000
2014-02-27,2946.2000
2014-02-28,2952.6000
2014-03-03,2918.0000
2014-03-04,2956.0000
2014-03-05,2970.0000
2014-03-06,2961.0000
2014-03-07,2981.0000
2014-03-10,2984.0000
2014-03-11,3006.0000
2014-03-12,2946.0000
2014-03-13,3006.0000
2014-03-14,2992.0000
2014-03-17,3030.0000
2014-03-18,3014.0000
2014-03-19,3025.0000
2014-03-20,2974.0000
2014-03-21,2957.0000
2014-03-24,2940.0000
2014-03-25,2949.0000
2014-03-26,2963.0000
2014-03-27,2955.0000
2014-03-28,2983.0000
2014-03-31,2955.0000
2014-04-01,2943.0000
2014-04-02,2917.0000
2014-04-03,2917.0000
2014-04-04,2966.0000
2014-04-07,2959.0000
2014-04-08,2992.0000
2014-04-09,3011.0000
2014-04-10,2970.0000
2014-04-11,2987.0000
2014-04-14,2979.0000
2014-04-15,2951.0000
2014-04-16,2956.0000
2014-04-17,3001.0000
2014-04-21,2987.0000
2014-04-22,2993.0000
2014-04-23,2997.0000
2014-04-24,2968.0000
2014-04-25,2946.6000
2014-04-28,2939.4000
2014-04-29,2946.6000
2014-04-30,2978.8000
2014-05-01,2922.0000
2014-05-02,2917.0000
2014-05-05,2927.0000
2014-05-06,2920.0000
2014-05-07,2899.0000
2014-05-08,2894.0000
2014-05-09,2864.0000
2014-05-12,2865.0000
2014-05-13,2901.0000
2014-05-14,2891.0000
2014-05-15,2907.0000
2014-05-16,2917.0000
2014-05-19,2930.0000
2014-05-20,2968.0000
2014-05-21,2981.0000
2014-05-22,3001.0000
2014-05-23,3022.0000
2014-05-26,3022.0000
2014-05-27,3031.0000
2014-05-28,3029.0000
2014-05-29,3046.0000
2014-05-30,3071.0000
2014-06-02,3069.0000
2014-06-03,3070.0000
2014-06-04,3088.0000
2014-06-05,3092.0000
2014-06-06,3079.0000
2014-06-09,3077.0000
2014-06-10,3087.0000
2014-06-11,3120.0000
2014-06-12,3085.0000
2014-06-16,3126.0000
2014-06-17,3136.0000
2014-06-18,3141.0000
2014-06-19,3140.0000
2014-06-20,3117.0000
2014-06-23,3096.0000
2014-06-24,3056.0000
2014-06-25,3074.4000
2014-06-26,3054.2000
2014-06-27,3137.0000
2014-06-30,3130.2000
2014-07-01,3119.0000
2014-07-02,3117.0000
2014-07-03,3106.0000
2014-07-07,3099.0000
2014-07-08,3116.0000
2014-07-09,3087.0000
2014-07-10,3081.0000
2014-07-11,3090.0000
2014-07-14,3083.0000
2014-07-15,3106.0000
2014-07-16,3062.0000
2014-07-17,3064.0000
2014-07-18,3082.0000
2014-07-21,3128.0000
2014-07-22,3131.0000
2014-07-23,3185.0000
2014-07-24,3198.0000
2014-07-25,3194.0000
2014-07-28,3165.0000
2014-07-29,3177.0000
2014-07-30,3205.0000
2014-07-31,3219.0000
2014-08-01,3207.0000
2014-08-04,3195.0000
2014-08-05,3195.0000
2014-08-06,3219.0000
2014-08-07,3232.0000
2014-08-08,3228.0000
2014-08-11,3222.0000
2014-08-12,3222.0000
2014-08-13,3219.0000
2014-08-14,3215.0000
2014-08-15,3227.0000
2014-08-18,3259.0000
2014-08-19,3199.0000
2014-08-20,3221.0000
2014-08-21,3198.0000
2014-08-22,3196.0000
2014-08-25,3221.0000
2014-08-26,3219.2000
2014-08-27,3214.0000
2014-08-28,3224.0000
2014-08-29,3227.0000
2014-09-02,3165.0000
2014-09-03,3146.0000
2014-09-04,3132.0000
2014-09-05,3102.0000
2014-09-08,3071.0000
2014-09-09,3079.0000
2014-09-10,3063.0000
2014-09-11,3028.0000
2014-09-12,3053.0000
2014-09-15,3057.0000
2014-09-16,3070.0000
2014-09-17,3153.0000
2014-09-18,3192.0000
2014-09-19,3259.0000
2014-09-22,3328.0000
2014-09-23,3297.0000
2014-09-24,3371.0000
2014-09-25,3333.0000
2014-09-26,3311.0000
2014-09-29,3311.0000
2014-09-30,3300.0000
2014-10-01,3172.0000
2014-10-02,3090.0000
2014-10-03,3056.0000
2014-10-06,3079.0000
2014-10-07,3051.0000
2014-10-08,3038.0000
2014-10-09,3057.0000
2014-10-10,3157.0000
2014-10-13,3059.0000
2014-10-14,3102.0000
2014-10-15,3153.0000
2014-10-16,3086.0000
2014-10-17,3118.0000
2014-10-20,3120.0000
2014-10-21,3110.0000
2014-10-22,3113.0000
2014-10-23,3120.0000
2014-10-24,3050.0000
2014-10-27,2970.0000
2014-10-28,2923.0000
2014-10-29,2937.0000
2014-10-30,2946.0000
2014-10-31,2899.0000
2014-11-03,2861.0000
2014-11-04,2881.0000
2014-11-05,2871.0000
2014-11-06,2869.0000
2014-11-07,2889.0000
2014-11-10,2895.0000
2014-11-11,2920.0000
2014-11-12,2851.0000
2014-11-13,2798.0000
2014-11-14,2847.0000
2014-11-17,2836.0000
2014-11-18,2845.0000
2014-11-19,2871.0000
2014-11-20,2879.0000
2014-11-21,2867.0000
2014-11-24,2902.0000
2014-11-25,2847.4000
2014-11-26,2885.8000
2014-11-28,2850.4000
2014-12-01,2896.0000
2014-12-02,2859.0000
2014-12-03,2852.0000
2014-12-04,2865.0000
2014-12-05,2890.0000
2014-12-08,2903.0000
2014-12-09,2952.0000
2014-12-10,2933.0000
2014-12-11,2854.0000
2014-12-12,2857.0000
2014-12-15,2873.0000
2014-12-16,2914.0000
2014-12-17,2915.0000
2014-12-18,2965.0000
2014-12-19,2980.0000
2014-12-22,2986.0000
2014-12-23,2966.0000
2014-12-24,2964.0000
2014-12-26,2941.0000
2014-12-29,2964.0000
2014-12-30,2972.0000
2014-12-31,2910.0000
2015-01-02,2927.0000
2015-01-05,2944.0000
2015-01-06,2902.0000
2015-01-07,2912.0000
2015-01-08,2986.0000
2015-01-09,2968.0000
2015-01-12,2994.0000
2015-01-13,2991.0000
2015-01-14,2992.0000
2015-01-15,2977.0000
2015-01-16,2942.0000
2015-01-20,2925.0000
2015-01-21,2852.0000
2015-01-22,2801.0000
2015-01-23,2755.0000
2015-01-26,2737.0000
2015-01-27,2743.0000
2015-01-28,2715.0000
2015-01-29,2686.0000
2015-01-30,2693.0000
2015-02-02,2672.0000
2015-02-03,2691.0000
2015-02-04,2724.0000
2015-02-05,2743.0000
2015-02-06,2775.0000
2015-02-09,2867.0000
2015-02-10,2863.0000
2015-02-11,2879.0000
2015-02-12,2955.0000
2015-02-13,2969.0000
2015-02-17,2990.0000
2015-02-18,3027.0000
2015-02-19,3025.0000
2015-02-20,3027.0000
2015-02-23,3054.0000
2015-02-24,3069.0000
2015-02-25,2998.0000
2015-02-26,3009.0000
2015-02-27,3033.2000
2015-03-02,3006.0000
2015-03-03,3022.0000
2015-03-04,3007.0000
2015-03-05,2996.0000
2015-03-06,2945.0000
2015-03-09,2934.0000
2015-03-10,2913.0000
2015-03-11,2855.0000
2015-03-12,2838.0000
2015-03-13,2818.0000
2015-03-16,2791.0000
2015-03-17,2788.0000
2015-03-18,2758.0000
2015-03-19,2715.0000
2015-03-20,2790.0000
2015-03-23,2757.0000
2015-03-24,2783.0000
2015-03-25,2786.0000
2015-03-26,2760.0000
2015-03-27,2744.0000
2015-03-30,2695.0000
2015-03-31,2699.0000
2015-04-01,2748.0000
2015-04-02,2768.0000
2015-04-06,2800.0000
2015-04-07,2785.0000
2015-04-08,2807.0000
2015-04-09,2792.0000
2015-04-10,2781.0000
2015-04-13,2799.0000
2015-04-14,2848.0000
2015-04-15,2817.0000
2015-04-16,2870.0000
2015-04-17,2839.0000
2015-04-20,2779.0000
2015-04-21,2773.0000
2015-04-22,2772.0000
2015-04-23,2806.0000
2015-04-24,2889.0000
2015-04-27,2918.8000
2015-04-28,2924.0000
2015-04-29,2943.8000
2015-04-30,2943.0000
2015-05-01,2877.0000
2015-05-04,2875.0000
2015-05-05,2943.0000
2015-05-06,2919.0000
2015-05-07,2929.0000
2015-05-08,2945.0000
2015-05-11,3006.0000
2015-05-12,3037.0000
2015-05-13,3056.0000
2015-05-14,3088.0000
2015-05-15,3133.0000
2015-05-18,3140.0000
2015-05-19,3145.0000
2015-05-20,3125.0000
2015-05-21,3163.0000
2015-05-22,3153.0000
2015-05-26,3150.0000
2015-05-27,3134.0000
2015-05-28,3118.0000
2015-05-29,3085.0000
2015-06-01,3053.0000
2015-06-02,3112.0000
2015-06-03,3125.0000
2015-06-04,3115.0000
2015-06-05,3116.0000
2015-06-08,3117.0000
2015-06-09,3107.0000
2015-06-10,3128.0000
2015-06-11,3094.0000
2015-06-12,3140.0000
2015-06-15,3207.0000
2015-06-16,3234.0000
2015-06-17,3228.0000
2015-06-18,3300.0000
2015-06-19,3270.0000
2015-06-22,3290.0000
2015-06-23,3262.0000
2015-06-24,3291.0000
2015-06-25,3272.8000
2015-06-26,3325.6000
2015-06-29,3333.0000
2015-06-30,3270.2000
2015-07-01,3276.0000
2015-07-02,3288.0000
2015-07-06,3278.0000
2015-07-07,3250.0000
2015-07-08,3247.0000
2015-07-09,3278.0000
2015-07-10,3303.0000
2015-07-13,3305.0000
2015-07-14,3370.0000
2015-07-15,3353.0000
2015-07-16,3352.0000
2015-07-17,3346.0000
2015-07-20,3353.0000
2015-07-21,3336.0000
2015-07-22,3277.0000
2015-07-23,3241.0000
2015-07-24,3181.0000
2015-07-27,3193.0000
2015-07-28,3204.0000
2015-07-29,3217.0000
2015-07-30,3221.0000
2015-07-31,3209.0000
2015-08-03,3166.0000
2015-08-04,3165.0000
2015-08-05,3120.0000
2015-08-06,3057.0000
2015-08-07,3107.0000
2015-08-10,3095.0000
2015-08-11,3082.0000
2015-08-12,3035.0000
2015-08-13,3042.0000
2015-08-14,3039.0000
2015-08-17,3032.0000
2015-08-18,3085.0000
2015-08-19,3120.0000
2015-08-20,3142.0000
2015-08-21,3077.0000
2015-08-24,3087.0000
2015-08-25,3113.0000
2015-08-26,3097.2000
2015-08-27,3110.8000
2015-08-28,3113.2000
2015-08-31,3099.6000
2015-09-01,3141.0000
2015-09-02,3117.0000
2015-09-03,3114.0000
2015-09-04,3168.0000
2015-09-08,3220.0000
2015-09-09,3270.0000
2015-09-10,3276.0000
2015-09-11,3254.0000
2015-09-14,3286.0000
2015-09-15,3238.0000
2015-09-16,3267.0000
2015-09-17,3282.0000
2015-09-18,3311.0000
2015-09-21,3311.0000
2015-09-22,3312.0000
2015-09-23,3315.0000
2015-09-24,3293.0000
2015-09-25,3276.0000
2015-09-28,3242.0000
2015-09-29,3182.0000
2015-09-30,3114.0000
2015-10-01,3105.0000
2015-10-02,3095.0000
2015-10-05,3092.0000
2015-10-06,3092.0000
2015-10-07,3079.0000
2015-10-08,3060.0000
2015-10-09,3049.0000
2015-10-12,3074.0000
2015-10-13,3125.0000
2015-10-14,3109.0000
2015-10-15,3104.0000
2015-10-16,3119.0000
2015-10-19,3169.0000
2015-10-20,3202.0000
2015-10-21,3146.0000
2015-10-22,3140.0000
2015-10-23,3125.0000
2015-10-26,3174.0000
2015-10-27,3197.0000
2015-10-28,3219.0000
2015-10-29,3215.0000
2015-10-30,3259.0000
2015-11-02,3295.0000
2015-11-03,3297.0000
2015-11-04,3235.0000
2015-11-05,3263.0000
2015-11-06,3237.0000
2015-11-09,3209.0000
2015-11-10,3268.0000
2015-11-11,3307.0000
2015-11-12,3309.0000
2015-11-13,3346.0000
2015-11-16,3369.0000
2015-11-17,3354.0000
2015-11-18,3329.0000
2015-11-19,3366.0000
2015-11-20,3366.0000
2015-11-23,3304.0000
2015-11-24,3330.8000
2015-11-25,3302.2000
2015-11-27,3309.2000
2015-11-30,3336.6000
2015-12-01,3337.0000
2015-12-02,3333.0000
2015-12-03,3386.0000
2015-12-04,3390.0000
2015-12-07,3417.0000
2015-12-08,3316.0000
2015-12-09,3371.0000
2015-12-10,3347.0000
2015-12-11,3353.0000
2015-12-14,3375.0000
2015-12-15,3338.0000
2015-12-16,3291.0000
2015-12-17,3253.0000
2015-12-18,3252.0000
2015-12-21,3239.0000
2015-12-22,3197.0000
2015-12-23,3260.0000
2015-12-24,3210.0000
2015-12-28,3194.0000
2015-12-29,3211.0000
2015-12-30,3229.0000
2015-12-31,3211.0000
2016-01-04,3124.0000
2016-01-05,3059.0000
2016-01-06,2981.0000
2016-01-07,2963.0000
2016-01-08,3017.0000
2016-01-11,2902.0000
2016-01-12,2860.0000
2016-01-13,2892.0000
2016-01-14,2857.0000
2016-01-15,2905.0000
2016-01-19,2934.0000
2016-01-20,2810.0000
2016-01-21,2855.0000
2016-01-22,2872.0000
2016-01-25,2819.0000
2016-01-26,2829.0000
2016-01-27,2764.0000
2016-01-28,2791.0000
2016-01-29,2761.0000
2016-02-01,2868.0000
2016-02-02,2761.0000
2016-02-03,2837.0000
2016-02-04,2764.0000
2016-02-05,2772.0000
2016-02-08,2858.0000
2016-02-09,2837.0000
2016-02-10,2825.0000
2016-02-11,2766.0000
2016-02-12,2827.0000
2016-02-16,2793.0000
2016-02-17,2878.0000
2016-02-18,2886.0000
2016-02-19,2836.0000
2016-02-22,2855.0000
2016-02-23,2872.0000
2016-02-24,2925.8000
2016-02-25,2942.2000
2016-02-26,2885.6000
2016-02-29,2953.8000
2016-03-01,2933.0000
2016-03-02,2948.0000
2016-03-03,2952.0000
2016-03-04,3008.0000
2016-03-07,3010.0000
2016-03-08,2970.0000
2016-03-09,3022.0000
2016-03-10,3062.0000
2016-03-11,3062.0000
2016-03-14,3081.0000
2016-03-15,3053.0000
2016-03-16,3040.0000
2016-03-17,3116.0000
2016-03-18,3118.0000
2016-03-21,3072.0000
2016-03-22,3035.0000
2016-03-23,2963.0000
2016-03-24,2962.0000
2016-03-28,2970.0000
2016-03-29,2970.0000
2016-03-30,2974.0000
2016-03-31,2950.0000
2016-04-01,2881.0000
2016-04-04,2871.0000
2016-04-05,2882.0000
2016-04-06,2900.0000
2016-04-07,2850.0000
2016-04-08,2872.0000
2016-04-11,2906.0000
2016-04-12,2932.0000
2016-04-13,2918.0000
2016-04-14,2953.0000
2016-04-15,2941.0000
2016-04-18,2995.0000
2016-04-19,3043.0000
2016-04-20,3060.0000
2016-04-21,3061.0000
2016-04-22,3137.0000
2016-04-25,3113.0000
2016-04-26,3187.0000
2016-04-27,3178.0000
2016-04-28,3172.0000
2016-04-29,3227.8000
2016-05-02,3217.0000
2016-05-03,3205.0000
2016-05-04,3186.0000
2016-05-05,3158.0000
2016-05-06,3074.0000
2016-05-09,3079.0000
2016-05-10,3101.0000
2016-05-11,3070.0000
2016-05-12,3020.0000
2016-05-13,2967.0000
2016-05-16,2927.0000
2016-05-17,2899.0000
2016-05-18,2931.0000
2016-05-19,2893.0000
2016-05-20,2912.0000
2016-05-23,2959.0000
2016-05-24,2953.0000
2016-05-25,2924.0000
2016-05-26,2916.0000
2016-05-27,3005.0000
2016-05-31,3059.0000
2016-06-01,3046.0000
2016-06-02,3057.0000
2016-06-03,3031.0000
2016-06-06,3063.0000
2016-06-07,3088.0000
2016-06-08,3113.0000
2016-06-09,3116.0000
2016-06-10,3135.0000
2016-06-13,3147.0000
2016-06-14,3145.0000
2016-06-15,3160.0000
2016-06-16,3059.0000
2016-06-17,3106.0000
2016-06-20,3170.0000
2016-06-21,3195.0000
2016-06-22,3205.0000
2016-06-23,3235.0000
2016-06-24,3070.0000
2016-06-27,3024.4000
2016-06-28,3032.4000
2016-06-29,3051.6000
2016-06-30,2971.2000
2016-07-01,2995.0000
2016-07-05,3065.0000
2016-07-06,3080.0000
2016-07-07,3110.0000
2016-07-08,3097.0000
2016-07-11,3101.0000
2016-07-12,3114.0000
2016-07-13,3143.0000
2016-07-14,3157.0000
2016-07-15,3065.0000
2016-07-18,3085.0000
2016-07-19,2998.0000
2016-07-20,2969.0000
2016-07-21,2902.0000
2016-07-22,2886.0000
2016-07-25,2854.0000
2016-07-26,2851.0000
2016-07-27,2857.0000
2016-07-28,2850.0000
2016-07-29,2835.0000
2016-08-01,2926.0000
2016-08-02,2896.0000
2016-08-03,2993.0000
2016-08-04,2991.0000
2016-08-05,3021.0000
2016-08-08,3031.0000
2016-08-09,2976.0000
2016-08-10,3020.0000
2016-08-11,3002.0000
2016-08-12,2993.0000
2016-08-15,3030.0000
2016-08-16,3041.0000
2016-08-17,3055.0000
2016-08-18,3109.0000
2016-08-19,3095.0000
2016-08-22,2983.0000
2016-08-23,3039.0000
2016-08-24,3015.0000
2016-08-25,3025.0000
2016-08-26,3012.6000
2016-08-29,2937.0000
2016-08-30,2899.2000
2016-08-31,2902.6000
2016-09-01,2897.0000
2016-09-02,2900.0000
2016-09-06,2923.0000
2016-09-07,2909.0000
2016-09-08,2885.0000
2016-09-09,2762.0000
2016-09-12,2790.0000
2016-09-13,2782.0000
2016-09-14,2809.0000
2016-09-15,2832.0000
2016-09-16,2803.0000
2016-09-19,2872.0000
2016-09-20,2866.0000
2016-09-21,2877.0000
2016-09-22,2920.0000
2016-09-23,2852.0000
2016-09-26,2845.0000
2016-09-27,2868.0000
2016-09-28,2825.0000
2016-09-29,2728.0000
2016-09-30,2761.0000
2016-10-03,2793.0000
2016-10-04,2815.0000
2016-10-05,2836.0000
2016-10-06,2787.0000
2016-10-07,2785.0000
2016-10-10,2657.0000
2016-10-11,2665.0000
2016-10-12,2643.0000
2016-10-13,2696.0000
2016-10-14,2718.0000
2016-10-17,2690.0000
2016-10-18,2698.0000
2016-10-19,2724.0000
2016-10-20,2717.0000
2016-10-21,2725.0000
2016-10-24,2705.0000
2016-10-25,2735.0000
2016-10-26,2769.0000
2016-10-27,2732.0000
2016-10-28,2756.0000
2016-10-31,2735.0000
2016-11-01,2696.0000
2016-11-02,2709.0000
2016-11-03,2705.0000
2016-11-04,2581.0000
2016-11-07,2491.0000
2016-11-08,2501.0000
2016-11-09,2474.0000
2016-11-10,2450.0000
2016-11-11,2453.0000
2016-11-14,2392.0000
2016-11-15,2378.0000
2016-11-16,2412.0000
2016-11-17,2426.0000
2016-11-18,2432.0000
2016-11-21,2438.0000
2016-11-22,2439.0000
2016-11-23,2438.0000
2016-11-25,2418.2000
2016-11-28,2402.6000
2016-11-29,2411.0000
2016-11-30,2388.6000
2016-12-01,2406.0000
2016-12-02,2395.0000
2016-12-05,2367.0000
2016-12-06,2358.0000
2016-12-07,2324.0000
2016-12-08,2272.0000
2016-12-09,2170.0000
2016-12-12,2240.0000
2016-12-13,2289.0000
2016-12-14,2315.0000
2016-12-15,2242.0000
2016-12-16,2238.0000
2016-12-19,2303.0000
2016-12-20,2256.0000
2016-12-21,2279.0000
2016-12-22,2189.0000
2016-12-23,2264.0000
2016-12-27,2237.0000
2016-12-28,2205.0000
2016-12-29,2165.0000
2016-12-30,2126.0000
2017-01-03,2166.0000
2017-01-04,2237.0000
2017-01-05,2262.0000
2017-01-06,2261.0000
2017-01-09,2184.0000
2017-01-10,2207.0000
2017-01-11,2127.0000
2017-01-12,2230.0000
2017-01-13,2213.0000
2017-01-17,2235.0000
2017-01-18,2233.0000
2017-01-19,2164.0000
2017-01-20,2140.0000
2017-01-23,2165.0000
2017-01-24,2201.0000
2017-01-25,2192.0000
2017-01-26,2132.0000
2017-01-27,2095.0000
2017-01-30,2078.0000
2017-01-31,2103.0000
2017-02-01,2109.0000
2017-02-02,2084.0000
2017-02-03,2072.0000
2017-02-06,2047.0000
2017-02-07,2005.0000
2017-02-08,1993.0000
2017-02-09,1974.0000
2017-02-10,1939.0000
2017-02-13,1889.0000
2017-02-14,1929.0000
2017-02-15,2022.0000
2017-02-16,2072.0000
2017-02-17,2034.0000
2017-02-21,2030.0000
2017-02-22,2028.0000
2017-02-23,2058.8000
2017-02-24,2014.4000
2017-02-27,1995.6000
2017-02-28,1915.8000
2017-03-01,1897.0000
2017-03-02,1928.0000
2017-03-03,1955.0000
2017-03-06,1935.0000
2017-03-07,1917.0000
2017-03-08,1912.0000
2017-03-09,1898.0000
2017-03-10,1934.0000
2017-03-13,2017.0000
2017-03-14,2058.0000
2017-03-15,2048.0000
2017-03-16,2027.0000
2017-03-17,2013.0000
2017-03-20,2116.0000
2017-03-21,2154.0000
2017-03-22,2165.0000
2017-03-23,2176.0000
2017-03-24,2131.0000
2017-03-27,2150.0000
2017-03-28,2129.0000
2017-03-29,2086.0000
2017-03-30,2096.0000
2017-03-31,2095.0000
2017-04-03,2107.0000
2017-04-04,2110.0000
2017-04-05,2111.0000
2017-04-06,2087.0000
2017-04-07,2006.0000
2017-04-10,1955.0000
2017-04-11,1972.0000
2017-04-12,1941.0000
2017-04-13,1879.0000
2017-04-17,1911.0000
2017-04-18,1928.0000
2017-04-19,1894.0000
2017-04-20,1812.0000
2017-04-21,1859.0000
2017-04-24,1825.0000
2017-04-25,1867.2000
2017-04-26,1879.8000
2017-04-27,1871.2000
2017-04-28,1841.6000
2017-05-01,1812.0000
2017-05-02,1805.0000
2017-05-03,1780.0000
2017-05-04,1839.0000
2017-05-05,1866.0000
2017-05-08,1955.0000
2017-05-09,1960.0000
2017-05-10,1954.0000
2017-05-11,1952.0000
2017-05-12,2015.0000
2017-05-15,2041.0000
2017-05-16,2034.0000
2017-05-17,2054.0000
2017-05-18,2084.0000
2017-05-19,2028.0000
2017-05-22,2035.0000
2017-05-23,2021.0000
2017-05-24,1894.0000
2017-05-25,1877.0000
2017-05-26,1911.0000
2017-05-30,2037.0000
2017-05-31,2048.0000
2017-06-01,2024.0000
2017-06-02,2001.0000
2017-06-05,1988.0000
2017-06-06,1975.0000
2017-06-07,1963.0000
2017-06-08,1963.0000
2017-06-09,2020.0000
2017-06-12,2059.0000
2017-06-13,2022.0000
2017-06-14,2040.0000
2017-06-15,2026.0000
2017-06-16,1975.0000
2017-06-19,1898.0000
2017-06-20,1878.0000
2017-06-21,1813.0000
2017-06-22,1793.0000
2017-06-23,1843.0000
2017-06-26,1809.0000
2017-06-27,1834.2000
2017-06-28,1854.6000
2017-06-29,1845.4000
2017-06-30,1932.6000
2017-07-03,1958.0000
2017-07-05,1947.0000
2017-07-06,1927.0000
2017-07-07,1872.0000
2017-07-10,1838.0000
2017-07-11,1817.0000
2017-07-12,1821.0000
2017-07-13,1872.0000
2017-07-14,1915.0000
2017-07-17,1910.0000
2017-07-18,1911.0000
2017-07-19,1944.0000
2017-07-20,1956.0000
2017-07-21,1968.0000
2017-07-24,1968.0000
2017-07-25,1926.0000
2017-07-26,1912.0000
2017-07-27,2013.0000
2017-07-28,2060.0000
2017-07-31,2060.0000
2017-08-01,2023.0000
2017-08-02,2055.0000
2017-08-03,2061.0000
2017-08-04,1994.0000
2017-08-07,2029.0000
2017-08-08,2018.0000
2017-08-09,2002.0000
2017-08-10,1967.0000
2017-08-11,1990.0000
2017-08-14,1923.0000
2017-08-15,1865.0000
2017-08-16,1844.0000
2017-08-17,1904.0000
2017-08-18,1922.0000
2017-08-21,1930.0000
2017-08-22,1923.0000
2017-08-23,1908.0000
2017-08-24,1924.0000
2017-08-25,1962.0000
2017-08-28,2011.4000
2017-08-29,1969.8000
2017-08-30,1934.0000
2017-08-31,1934.0000
2017-09-01,1947.0000
2017-09-04,1947.0000
2017-09-05,1946.0000
2017-09-06,1917.0000
2017-09-07,1906.0000
2017-09-08,1933.0000
2017-09-11,1934.0000
2017-09-12,1951.0000
2017-09-13,1990.0000
2017-09-14,1973.0000
2017-09-15,2009.0000
2017-09-18,1975.0000
2017-09-19,1965.0000
2017-09-20,1998.0000
2017-09-21,2021.0000
2017-09-22,1983.0000
2017-09-25,1972.0000
2017-09-26,1971.0000
2017-09-27,2015.0000
2017-09-28,1980.0000
2017-09-29,2043.0000
2017-10-02,2037.0000
2017-10-03,2082.0000
2017-10-04,2078.0000
2017-10-05,2084.0000
2017-10-06,2085.0000
2017-10-09,2008.0000
2017-10-10,2045.0000
2017-10-11,2097.0000
2017-10-12,2090.0000
2017-10-13,2087.0000
2017-10-16,2044.0000
2017-10-17,2064.0000
2017-10-18,2067.0000
2017-10-19,2145.0000
2017-10-20,2138.0000
2017-10-23,2124.0000
2017-10-24,2084.0000
2017-10-25,2079.0000
2017-10-26,2127.0000
2017-10-27,2115.0000
2017-10-30,2118.0000
2017-10-31,2094.0000
2017-11-01,2123.0000
2017-11-02,2052.0000
2017-11-03,2061.0000
2017-11-06,2117.0000
2017-11-07,2163.0000
2017-11-08,2216.0000
2017-11-09,2198.0000
2017-11-10,2223.0000
2017-11-13,2208.0000
2017-11-14,2149.0000
2017-11-15,2133.0000
2017-11-16,2131.0000
2017-11-17,2126.0000
2017-11-20,2084.0000
2017-11-21,2102.0000
2017-11-22,2119.0000
2017-11-24,2109.0000
2017-11-27,2065.4000
2017-11-28,2047.8000
2017-11-29,2102.0000
2017-11-30,2048.8000
2017-12-01,2041.0000
2017-12-04,2003.0000
2017-12-05,1932.0000
2017-12-06,1906.0000
2017-12-07,1880.0000
2017-12-08,1887.0000
2017-12-11,1912.0000
2017-12-12,1867.0000
2017-12-13,1888.0000
2017-12-14,1893.0000
2017-12-15,1877.0000
2017-12-18,1922.0000
2017-12-19,1912.0000
2017-12-20,1931.0000
2017-12-21,1907.0000
2017-12-22,1809.0000
2017-12-26,1856.0000
2017-12-27,1866.0000
2017-12-28,1911.0000
2017-12-29,1892.0000
2018-01-02,1936.0000
2018-01-03,1907.0000
2018-01-04,1905.0000
2018-01-05,1895.0000
2018-01-08,1914.0000
2018-01-09,1899.0000
2018-01-10,1941.0000
2018-01-11,1928.0000
2018-01-12,1914.0000
2018-01-16,1932.0000
2018-01-17,1985.0000
2018-01-18,1984.0000
2018-01-19,1931.0000
2018-01-22,1938.0000
2018-01-23,1929.0000
2018-01-24,1955.0000
2018-01-25,1960.0000
2018-01-26,1986.0000
2018-01-29,1946.0000
2018-01-30,1970.0000
2018-01-31,1996.0000
2018-02-01,2017.0000
2018-02-02,2059.0000
2018-02-05,2045.0000
2018-02-06,2041.0000
2018-02-07,2013.0000
2018-02-08,2034.0000
2018-02-09,2031.0000
2018-02-12,1970.0000
2018-02-13,1999.0000
2018-02-14,2055.0000
2018-02-15,2137.0000
2018-02-16,2138.0000
2018-02-20,2146.0000
2018-02-21,2172.0000
2018-02-22,2156.0000
2018-02-23,2202.0000
2018-02-26,2220.4000
2018-02-27,2231.8000
2018-02-28,2222.4000
2018-03-01,2250.0000
2018-03-02,2313.0000
2018-03-05,2446.0000
2018-03-06,2441.0000
2018-03-07,2443.0000
2018-03-08,2493.0000
2018-03-09,2465.0000
2018-03-12,2546.0000
2018-03-13,2532.0000
2018-03-14,2556.0000
2018-03-15,2536.0000
2018-03-16,2522.0000
2018-03-19,2445.0000
2018-03-20,2480.0000
2018-03-21,2524.0000
2018-03-22,2535.0000
2018-03-23,2615.0000
2018-03-26,2629.0000
2018-03-27,2554.0000
2018-03-28,2597.0000
2018-03-29,2556.0000
2018-04-02,2635.0000
2018-04-03,2498.0000
2018-04-04,2475.0000
2018-04-05,2508.0000
2018-04-06,2453.0000
2018-04-09,2502.0000
2018-04-10,2489.0000
2018-04-11,2547.0000
2018-04-12,2542.0000
2018-04-13,2564.0000
2018-04-16,2702.0000
2018-04-17,2728.0000
2018-04-18,2824.0000
2018-04-19,2831.0000
2018-04-20,2749.0000
2018-04-23,2746.0000
2018-04-24,2835.0000
2018-04-25,2852.0000
2018-04-26,2814.0000
2018-04-27,2839.0000
2018-04-30,2829.0000
2018-05-01,2894.0000
2018-05-02,2813.0000
2018-05-03,2841.0000
2018-05-04,2777.0000
2018-05-07,2848.0000
2018-05-08,2773.0000
2018-05-09,2770.0000
2018-05-10,2762.0000
2018-05-11,2805.0000
2018-05-14,2779.0000
2018-05-15,2674.0000
2018-05-16,2730.0000
2018-05-17,2639.0000
2018-05-18,2678.0000
2018-05-21,2615.0000
2018-05-22,2589.0000
2018-05-23,2618.0000
2018-05-24,2603.0000
2018-05-25,2556.0000
2018-05-29,2497.0000
2018-05-30,2529.0000
2018-05-31,2454.0000
2018-06-01,2458.0000
2018-06-04,2351.0000
2018-06-05,2289.0000
2018-06-06,2296.0000
2018-06-07,2274.0000
2018-06-08,2393.0000
2018-06-11,2372.0000
2018-06-12,2413.0000
2018-06-13,2380.0000
2018-06-14,2450.0000
2018-06-15,2552.0000
2018-06-18,2509.0000
2018-06-19,2468.0000
2018-06-20,2568.0000
2018-06-21,2509.0000
2018-06-22,2484.0000
2018-06-25,2433.0000
2018-06-26,2439.2000
2018-06-27,2355.4000
2018-06-28,2437.8000
2018-06-29,2504.8000
2018-07-02,2501.0000
2018-07-03,2454.0000
2018-07-05,2482.0000
2018-07-06,2465.0000
2018-07-09,2443.0000
2018-07-10,2501.0000
2018-07-11,2480.0000
2018-07-12,2485.0000
2018-07-13,2513.0000
2018-07-16,2406.0000
2018-07-17,2395.0000
2018-07-18,2337.0000
2018-07-19,2292.0000
2018-07-20,2322.0000
2018-07-23,2299.0000
2018-07-24,2257.0000
2018-07-25,2245.0000
2018-07-26,2315.0000
2018-07-27,2233.0000
2018-07-30,2239.0000
2018-07-31,2170.0000
2018-08-01,2070.0000
2018-08-02,2072.0000
2018-08-03,2046.0000
2018-08-06,2122.0000
2018-08-07,2103.0000
2018-08-08,2111.0000
2018-08-09,2081.0000
2018-08-10,2086.0000
2018-08-13,2121.0000
2018-08-14,2108.0000
2018-08-15,2083.0000
2018-08-16,2104.0000
2018-08-17,2115.0000
2018-08-20,2198.0000
2018-08-21,2269.0000
2018-08-22,2310.0000
2018-08-23,2349.0000
2018-08-24,2374.0000
2018-08-27,2321.0000
2018-08-28,2300.0000
2018-08-29,2341.2000
2018-08-30,2269.8000
2018-08-31,2333.4000
2018-09-04,2332.0000
2018-09-05,2311.0000
2018-09-06,2281.0000
2018-09-07,2259.0000
2018-09-10,2300.0000
2018-09-11,2284.0000
2018-09-12,2325.0000
2018-09-13,2315.0000
2018-09-14,2219.0000
2018-09-17,2236.0000
2018-09-18,2242.0000
2018-09-19,2195.0000
2018-09-20,2201.0000
2018-09-21,2167.0000
2018-09-24,2235.0000
2018-09-25,2195.0000
2018-09-26,2151.0000
2018-09-27,2114.0000
2018-09-28,2057.0000
2018-10-01,1990.0000
2018-10-02,2086.0000
2018-10-03,2019.0000
2018-10-04,2010.0000
2018-10-05,2024.0000
2018-10-08,2086.0000
2018-10-09,2119.0000
2018-10-10,2088.0000
2018-10-11,2097.0000
2018-10-12,2160.0000
2018-10-15,2141.0000
2018-10-16,2194.0000
2018-10-17,2226.0000
2018-10-18,2145.0000
2018-10-19,2162.0000
2018-10-22,2220.0000
2018-10-23,2187.0000
2018-10-24,2137.0000
2018-10-25,2209.0000
2018-10-26,2251.0000
2018-10-29,2195.0000
2018-10-30,2215.0000
2018-10-31,2234.0000
2018-11-01,2264.0000
2018-11-02,2267.0000
2018-11-05,2312.0000
2018-11-06,2379.0000
2018-11-07,2383.0000
2018-11-08,2265.0000
2018-11-09,2250.0000
2018-11-12,2209.0000
2018-11-13,2211.0000
2018-11-14,2158.0000
2018-11-15,2166.0000
2018-11-16,2193.0000
2018-11-19,2155.0000
2018-11-20,2144.0000
2018-11-21,2084.0000
2018-11-23,2061.0000
2018-11-26,2057.0000
2018-11-27,2097.8000
2018-11-28,2085.6000
2018-11-29,2141.4000
2018-11-30,2191.2000
2018-12-03,2203.0000
2018-12-04,2187.0000
2018-12-05,2110.0000
2018-12-06,2128.0000
2018-12-07,2225.0000
2018-12-10,2206.0000
2018-12-11,2116.0000
2018-12-12,2162.0000
2018-12-13,2250.0000
2018-12-14,2237.0000
2018-12-17,2230.0000
2018-12-18,2271.0000
2018-12-19,2317.0000
2018-12-20,2271.0000
2018-12-21,2271.0000
2018-12-24,2315.0000
2018-12-26,2429.0000
2018-12-27,2373.0000
2018-12-28,2408.0000
2018-12-31,2416.0000
2019-01-02,2394.0000
2019-01-03,2400.0000
2019-01-04,2361.0000
2019-01-07,2410.0000
2019-01-08,2382.0000
2019-01-09,2351.0000
2019-01-10,2369.0000
2019-01-11,2356.0000
2019-01-14,2341.0000
2019-01-15,2274.0000
2019-01-16,2322.0000
2019-01-17,2335.0000
2019-01-18,2307.0000
2019-01-22,2246.0000
2019-01-23,2245.0000
2019-01-24,2256.0000
2019-01-25,2225.0000
2019-01-28,2250.0000
2019-01-29,2215.0000
2019-01-30,2176.0000
2019-01-31,2168.0000
2019-02-01,2168.0000
2019-02-04,2228.0000
2019-02-05,2219.0000
2019-02-06,2257.0000
2019-02-07,2221.0000
2019-02-08,2196.0000
2019-02-11,2224.0000
2019-02-12,2227.0000
2019-02-13,2248.0000
2019-02-14,2232.0000
2019-02-15,2307.0000
2019-02-19,2340.0000
2019-02-20,2298.0000
2019-02-21,2256.0000
2019-02-22,2269.0000
2019-02-25,2248.8000
2019-02-26,2270.6000
2019-02-27,2309.4000
2019-02-28,2245.2000
2019-03-01,2217.0000
2019-03-04,2156.0000
2019-03-05,2157.0000
2019-03-06,2245.0000
2019-03-07,2182.0000
2019-03-08,2198.0000
2019-03-11,2202.0000
2019-03-12,2217.0000
2019-03-13,2216.0000
2019-03-14,2214.0000
2019-03-15,2197.0000
2019-03-18,2196.0000
2019-03-19,2202.0000
2019-03-20,2143.0000
2019-03-21,2132.0000
2019-03-22,2159.0000
2019-03-25,2216.0000
2019-03-26,2237.0000
2019-03-27,2248.0000
2019-03-28,2257.0000
2019-03-29,2280.0000
2019-04-01,2327.0000
2019-04-02,2356.0000
2019-04-03,2376.0000
2019-04-04,2415.0000
2019-04-05,2413.0000
2019-04-08,2430.0000
2019-04-09,2446.0000
2019-04-10,2443.0000
2019-04-11,2388.0000
2019-04-12,2424.0000
2019-04-15,2406.0000
2019-04-16,2364.0000
2019-04-17,2420.0000
2019-04-18,2380.0000
2019-04-22,2346.0000
2019-04-23,2304.0000
2019-04-24,2260.0000
2019-04-25,2292.2000
2019-04-26,2340.4000
2019-04-29,2386.6000
2019-04-30,2360.8000
2019-05-01,2315.0000
2019-05-02,2374.0000
2019-05-03,2379.0000
2019-05-06,2340.0000
2019-05-07,2301.0000
2019-05-08,2305.0000
2019-05-09,2336.0000
2019-05-10,2312.0000
2019-05-13,2287.0000
2019-05-14,2293.0000
2019-05-15,2321.0000
2019-05-16,2372.0000
2019-05-17,2353.0000
2019-05-20,2387.0000
2019-05-21,2446.0000
2019-05-22,2413.0000
2019-05-23,2426.0000
2019-05-24,2467.0000
2019-05-27,2467.0000
2019-05-28,2450.0000
2019-05-29,2438.0000
2019-05-30,2428.0000
2019-05-31,2400.0000
2019-06-03,2351.0000
2019-06-04,2360.0000
2019-06-05,2401.0000
2019-06-06,2427.0000
2019-06-07,2478.0000
2019-06-10,2544.0000
2019-06-11,2539.0000
2019-06-12,2568.0000
2019-06-13,2527.0000
2019-06-14,2502.0000
2019-06-17,2500.0000
2019-06-18,2529.0000
2019-06-19,2538.0000
2019-06-20,2471.0000
2019-06-21,2527.0000
2019-06-24,2512.0000
2019-06-25,2484.0000
2019-06-26,2476.0000
2019-06-27,2463.0000
2019-06-28,2430.0000
2019-07-01,2501.0000
2019-07-02,2472.0000
2019-07-03,2433.0000
2019-07-04,2433.0000
2019-07-05,2463.0000
2019-07-08,2577.0000
2019-07-09,2522.0000
2019-07-10,2509.0000
2019-07-11,2491.0000
2019-07-12,2503.0000
2019-07-15,2420.0000
2019-07-16,2429.0000
2019-07-17,2424.0000
2019-07-18,2440.0000
2019-07-19,2467.0000
2019-07-22,2532.0000
2019-07-23,2475.0000
2019-07-24,2463.0000
2019-07-25,2434.0000
2019-07-26,2389.0000
2019-07-29,2383.0000
2019-07-30,2379.0000
2019-07-31,2345.0000
2019-08-01,2329.0000
2019-08-02,2320.0000
2019-08-05,2308.0000
2019-08-06,2252.0000
2019-08-07,2224.0000
2019-08-08,2205.0000
2019-08-09,2195.0000
2019-08-12,2194.0000
2019-08-13,2153.0000
2019-08-14,2143.0000
2019-08-15,2134.0000
2019-08-16,2111.0000
2019-08-19,2126.0000
2019-08-20,2149.0000
2019-08-21,2191.0000
2019-08-22,2200.0000
2019-08-23,2208.0000
2019-08-26,2197.0000
2019-08-27,2214.2000
2019-08-28,2216.0000
2019-08-29,2160.6000
2019-08-30,2209.8000
2019-09-02,2222.0000
2019-09-03,2245.0000
2019-09-04,2269.0000
2019-09-05,2245.0000
2019-09-06,2277.0000
2019-09-09,2304.0000
2019-09-10,2287.0000
2019-09-11,2304.0000
2019-09-12,2319.0000
2019-09-13,2337.0000
2019-09-16,2383.0000
2019-09-17,2394.0000
2019-09-18,2401.0000
2019-09-19,2468.0000
2019-09-20,2473.0000
2019-09-23,2454.0000
2019-09-24,2439.0000
2019-09-25,2469.0000
2019-09-26,2505.0000
2019-09-27,2490.0000
2019-09-30,2442.0000
2019-10-01,2453.0000
2019-10-02,2482.0000
2019-10-03,2520.0000
2019-10-04,2475.0000
2019-10-07,2422.0000
2019-10-08,2448.0000
2019-10-09,2407.0000
2019-10-10,2460.0000
2019-10-11,2506.0000
2019-10-14,2449.0000
2019-10-15,2522.0000
2019-10-16,2515.0000
2019-10-17,2488.0000
2019-10-18,2486.0000
2019-10-21,2474.0000
2019-10-22,2448.0000
2019-10-23,2457.0000
2019-10-24,2463.0000
2019-10-25,2435.0000
2019-10-28,2463.0000
2019-10-29,2485.0000
2019-10-30,2454.0000
2019-10-31,2403.0000
2019-11-01,2478.0000
2019-11-04,2486.0000
2019-11-05,2484.0000
2019-11-06,2444.0000
2019-11-07,2440.0000
2019-11-08,2503.0000
2019-11-11,2533.0000
2019-11-12,2633.0000
2019-11-13,2675.0000
2019-11-14,2761.0000
2019-11-15,2766.0000
2019-11-18,2742.0000
2019-11-19,2694.0000
2019-11-20,2682.0000
2019-11-21,2696.0000
2019-11-22,2666.0000
2019-11-25,2647.0000
2019-11-26,2695.2000
2019-11-27,2626.4000
2019-11-28,2616.6000
2019-11-29,2577.8000
2019-12-02,2544.0000
2019-12-03,2565.0000
2019-12-04,2547.0000
2019-12-05,2580.0000
2019-12-06,2607.0000
2019-12-09,2601.0000
2019-12-10,2585.0000
2019-12-11,2568.0000
2019-12-12,2521.0000
2019-12-13,2572.0000
2019-12-16,2545.0000
2019-12-17,2534.0000
2019-12-18,2506.0000
2019-12-19,2435.0000
2019-12-20,2417.0000
2019-12-23,2427.0000
2019-12-24,2443.0000
2019-12-26,2405.0000
2019-12-27,2497.0000
2019-12-30,2463.0000
2019-12-31,2540.0000
2020-01-02,2532.0000
2020-01-03,2519.0000
2020-01-06,2484.0000
2020-01-07,2533.0000
2020-01-08,2501.0000
2020-01-09,2554.0000
2020-01-10,2589.0000
2020-01-13,2583.0000
2020-01-14,2655.0000
2020-01-15,2689.0000
2020-01-16,2712.0000
2020-01-17,2797.0000
2020-01-20,2797.0000
2020-01-21,2818.0000
2020-01-22,2803.0000
2020-01-23,2771.0000
2020-01-24,2733.0000
2020-01-27,2734.0000
2020-01-28,2703.0000
2020-01-29,2727.0000
2020-01-30,2801.0000
2020-01-31,2777.0000
2020-02-03,2734.0000
2020-02-04,2757.0000
2020-02-05,2790.0000
2020-02-06,2849.0000
2020-02-07,2900.0000
2020-02-10,2940.0000
2020-02-11,2918.0000
2020-02-12,2904.0000
2020-02-13,2988.0000
2020-02-14,2904.0000
2020-02-17,2904.0000
2020-02-18,2900.0000
2020-02-19,2925.0000
2020-02-20,2939.0000
2020-02-21,2922.0000
2020-02-24,2883.0000
2020-02-25,2871.6000
2020-02-26,2792.4000
2020-02-27,2780.2000
2020-02-28,2689.6000
2020-03-02,2661.0000
2020-03-03,2653.0000
2020-03-04,2626.0000
2020-03-05,2597.0000
2020-03-06,2561.0000
2020-03-09,2545.0000
2020-03-10,2577.0000
2020-03-11,2625.0000
2020-03-12,2495.0000
2020-03-13,2425.0000
2020-03-16,2331.0000
2020-03-17,2318.0000
2020-03-18,2284.0000
2020-03-19,2216.0000
2020-03-20,2230.0000
2020-03-23,2257.0000
2020-03-24,2275.0000
2020-03-25,2248.0000
2020-03-26,2255.0000
2020-03-27,2257.0000
2020-03-30,2265.0000
2020-03-31,2249.0000
2020-04-01,2227.0000
2020-04-02,2285.0000
2020-04-03,2264.0000
2020-04-06,2366.0000
2020-04-07,2410.0000
2020-04-08,2379.0000
2020-04-09,2305.0000
2020-04-13,2253.0000
2020-04-14,2265.0000
2020-04-15,2205.0000
2020-04-16,2235.0000
2020-04-17,2379.0000
2020-04-20,2338.0000
2020-04-21,2298.0000
2020-04-22,2355.0000
2020-04-23,2343.0000
2020-04-24,2341.0000
2020-04-27,2344.4000
2020-04-28,2352.8000
2020-04-29,2384.2000
2020-04-30,2417.6000
2020-05-01,2402.0000
2020-05-04,2387.0000
2020-05-05,2378.0000
2020-05-06,2363.0000
2020-05-07,2381.0000
2020-05-08,2400.0000
2020-05-11,2463.0000
2020-05-12,2402.0000
2020-05-13,2456.0000
2020-05-14,2413.0000
2020-05-15,2399.0000
2020-05-18,2404.0000
2020-05-19,2435.0000
2020-05-20,2401.0000
2020-05-21,2340.0000
2020-05-22,2394.0000
2020-05-25,2394.0000
2020-05-26,2394.0000
2020-05-27,2363.0000
2020-05-28,2429.0000
2020-05-29,2454.0000
2020-06-01,2493.0000
2020-06-02,2402.0000
2020-06-03,2395.0000
2020-06-04,2396.0000
2020-06-05,2398.0000
2020-06-08,2413.0000
2020-06-09,2484.0000
2020-06-10,2470.0000
2020-06-11,2362.0000
2020-06-12,2396.0000
2020-06-15,2355.0000
2020-06-16,2360.0000
2020-06-17,2379.0000
2020-06-18,2419.0000
2020-06-19,2387.0000
2020-06-22,2405.0000
2020-06-23,2425.0000
2020-06-24,2441.0000
2020-06-25,2494.0000
2020-06-26,2322.0000
2020-06-29,2268.0000
2020-06-30,2199.0000
2020-07-01,2169.0000
2020-07-02,2179.0000
2020-07-06,2152.0000
2020-07-07,2148.0000
2020-07-08,2100.0000
2020-07-09,2149.0000
2020-07-10,2160.0000
2020-07-13,2193.0000
2020-07-14,2155.0000
2020-07-15,2135.0000
2020-07-16,2161.0000
2020-07-17,2160.0000
2020-07-20,2219.0000
2020-07-21,2176.0000
2020-07-22,2205.0000
2020-07-23,2202.0000
2020-07-24,2224.0000
2020-07-27,2286.0000
2020-07-28,2291.0000
2020-07-29,2341.0000
2020-07-30,2344.0000
2020-07-31,2400.0000
2020-08-03,2469.0000
2020-08-04,2449.0000
2020-08-05,2481.0000
2020-08-06,2510.0000
2020-08-07,2546.0000
2020-08-10,2495.0000
2020-08-11,2458.0000
2020-08-12,2479.0000
2020-08-13,2487.0000
2020-08-14,2436.0000
2020-08-17,2421.0000
2020-08-18,2476.0000
2020-08-19,2446.0000
2020-08-20,2440.0000
2020-08-21,2459.0000
2020-08-24,2509.0000
2020-08-25,2537.0000
2020-08-26,2516.0000
2020-08-27,2569.0000
2020-08-28,2650.6000
2020-08-31,2667.8000
2020-09-01,2666.0000
2020-09-02,2681.0000
2020-09-03,2634.0000
2020-09-04,2595.0000
2020-09-07,2595.0000
2020-09-08,2555.0000
2020-09-09,2562.0000
2020-09-10,2537.0000
2020-09-11,2548.0000
2020-09-14,2556.0000
2020-09-15,2694.0000
2020-09-16,2602.0000
2020-09-17,2600.0000
2020-09-18,2641.0000
2020-09-21,2629.0000
2020-09-22,2556.0000
2020-09-23,2580.0000
2020-09-24,2599.0000
2020-09-25,2568.0000
2020-09-28,2587.0000
2020-09-29,2588.0000
2020-09-30,2546.0000
2020-10-01,2508.0000
2020-10-02,2482.0000
2020-10-05,2459.0000
2020-10-06,2437.0000
2020-10-07,2452.0000
2020-10-08,2473.0000
2020-10-09,2432.0000
2020-10-12,2444.0000
2020-10-13,2381.0000
2020-10-14,2391.0000
2020-10-15,2343.0000
2020-10-16,2361.0000
2020-10-19,2425.0000
2020-10-20,2382.0000
2020-10-21,2427.0000
2020-10-22,2474.0000
2020-10-23,2479.0000
2020-10-26,2497.0000
2020-10-27,2452.0000
2020-10-28,2376.0000
2020-10-29,2339.0000
2020-10-30,2293.0000
2020-11-02,2257.0000
2020-11-03,2290.0000
2020-11-04,2276.0000
2020-11-05,2312.0000
2020-11-06,2333.0000
2020-11-09,2390.0000
2020-11-10,2339.0000
2020-11-11,2353.0000
2020-11-12,2340.0000
2020-11-13,2365.0000
2020-11-16,2653.0000
2020-11-17,2768.0000
2020-11-18,2831.0000
2020-11-19,2915.0000
2020-11-20,2962.0000
2020-11-23,3022.0000
2020-11-24,3054.0000
2020-11-25,2939.2000
2020-11-26,2885.4000
2020-11-27,2873.6000
2020-11-30,2792.8000
2020-12-01,2691.0000
2020-12-02,2638.0000
2020-12-03,2651.0000
2020-12-04,2654.0000
2020-12-07,2636.0000
2020-12-08,2575.0000
2020-12-09,2549.0000
2020-12-10,2567.0000
2020-12-11,2622.0000
2020-12-14,2589.0000
2020-12-15,2541.0000
2020-12-16,2517.0000
2020-12-17,2541.0000
2020-12-18,2506.0000
2020-12-21,2555.0000
2020-12-22,2535.0000
2020-12-23,2557.0000
2020-12-24,2593.0000
2020-12-28,2560.0000
2020-12-29,2507.0000
2020-12-30,2597.0000
2020-12-31,2603.0000
2021-01-04,2552.0000
2021-01-05,2514.0000
2021-01-06,2486.0000
2021-01-07,2547.0000
2021-01-08,2516.0000
2021-01-11,2480.0000
2021-01-12,2498.0000
2021-01-13,2499.0000
2021-01-14,2500.0000
2021-01-15,2527.0000
2021-01-18,2527.0000
2021-01-19,2590.0000
2021-01-20,2569.0000
2021-01-21,2550.0000
2021-01-22,2529.0000
2021-01-25,2508.0000
2021-01-26,2545.0000
2021-01-27,2504.0000
2021-01-28,2510.0000
2021-01-29,2531.0000
2021-02-01,2547.0000
2021-02-02,2599.0000
2021-02-03,2527.0000
2021-02-04,2532.0000
2021-02-05,2587.0000
2021-02-08,2577.0000
2021-02-09,2581.0000
2021-02-10,2677.0000
2021-02-11,2449.0000
2021-02-12,2503.0000
2021-02-15,2503.0000
2021-02-16,2498.0000
2021-02-17,2447.0000
2021-02-18,2552.0000
2021-02-19,2535.0000
2021-02-22,2582.0000
2021-02-23,2576.6000
2021-02-24,2611.2000
2021-02-25,2646.8000
2021-02-26,2623.4000
2021-03-01,2639.0000
2021-03-02,2645.0000
2021-03-03,2657.0000
2021-03-04,2625.0000
2021-03-05,2546.0000
2021-03-08,2533.0000
2021-03-09,2553.0000
2021-03-10,2573.0000
2021-03-11,2593.0000
2021-03-12,2570.0000
2021-03-15,2530.0000
2021-03-16,2526.0000
2021-03-17,2521.0000
2021-03-18,2542.0000
2021-03-19,2493.0000
2021-03-22,2505.0000
2021-03-23,2447.0000
2021-03-24,2435.0000
2021-03-25,2456.0000
2021-03-26,2458.0000
2021-03-29,2436.0000
2021-03-30,2347.0000
2021-03-31,2348.0000
2021-04-01,2392.0000
2021-04-05,2336.0000
2021-04-06,2406.0000
2021-04-07,2389.0000
2021-04-08,2355.0000
2021-04-09,2354.0000
2021-04-12,2367.0000
2021-04-13,2408.0000
2021-04-14,2421.0000
2021-04-15,2413.0000
2021-04-16,2408.0000
2021-04-19,2437.0000
2021-04-20,2379.0000
2021-04-21,2399.0000
2021-04-22,2402.0000
2021-04-23,2410.0000
2021-04-26,2447.0000
2021-04-27,2446.0000
2021-04-28,2448.0000
2021-04-29,2483.0000
2021-04-30,2374.0000
2021-05-03,2369.0000
2021-05-04,2324.0000
2021-05-05,2395.0000
2021-05-06,2413.0000
2021-05-07,2463.0000
2021-05-10,2514.0000
2021-05-11,2466.0000
2021-05-12,2517.0000
2021-05-13,2502.0000
2021-05-14,2474.0000
2021-05-17,2539.0000
2021-05-18,2504.0000
2021-05-19,2469.0000
2021-05-20,2444.0000
2021-05-21,2456.0000
2021-05-24,2389.0000
2021-05-25,2380.0000
2021-05-26,2422.0000
2021-05-27,2430.0000
2021-05-28,2412.0000
2021-05-31,2412.0000
2021-06-01,2431.0000
2021-06-02,2426.0000
2021-06-03,2415.0000
2021-06-04,2409.0000
2021-06-07,2350.0000
2021-06-08,2375.0000
2021-06-09,2348.0000
2021-06-10,2383.0000
2021-06-11,2350.0000
2021-06-14,2396.0000
2021-06-15,2373.0000
2021-06-16,2347.0000
2021-06-17,2311.0000
2021-06-18,2302.0000
2021-06-21,2308.0000
2021-06-22,2326.0000
2021-06-23,2297.0000
2021-06-24,2315.0000
2021-06-25,2356.8000
2021-06-28,2362.6000
2021-06-29,2378.4000
2021-06-30,2383.2000
2021-07-01,2354.0000
2021-07-02,2319.0000
2021-07-05,2319.0000
2021-07-06,2298.0000
2021-07-07,2296.0000
2021-07-08,2295.0000
2021-07-09,2347.0000
2021-07-12,2430.0000
2021-07-13,2399.0000
2021-07-14,2402.0000
2021-07-15,2369.0000
2021-07-16,2320.0000
2021-07-19,2239.0000
2021-07-20,2257.0000
2021-07-21,2265.0000
2021-07-22,2317.0000
2021-07-23,2321.0000
2021-07-26,2392.0000
2021-07-27,2393.0000
2021-07-28,2427.0000
2021-07-29,2435.0000
2021-07-30,2366.0000
2021-08-02,2363.0000
2021-08-03,2426.0000
2021-08-04,2393.0000
2021-08-05,2405.0000
2021-08-06,2417.0000
2021-08-09,2411.0000
2021-08-10,2468.0000
2021-08-11,2509.0000
2021-08-12,2507.0000
2021-08-13,2547.0000
2021-08-16,2544.0000
2021-08-17,2607.0000
2021-08-18,2630.0000
2021-08-19,2641.0000
2021-08-20,2580.0000
2021-08-23,2574.0000
2021-08-24,2590.0000
2021-08-25,2632.0000
2021-08-26,2639.0000
2021-08-27,2594.0000
2021-08-30,2605.0000
2021-08-31,2544.0000
2021-09-01,2538.0000
2021-09-02,2611.0000
2021-09-03,2654.0000
2021-09-06,2654.0000
2021-09-07,2704.0000
2021-09-08,2687.0000
2021-09-09,2673.0000
2021-09-10,2603.0000
2021-09-13,2637.0000
2021-09-14,2656.0000
2021-09-15,2663.0000
2021-09-16,2657.0000
2021-09-17,2665.0000
2021-09-20,2593.0000
2021-09-21,2605.0000
2021-09-22,2652.0000
2021-09-23,2612.0000
2021-09-24,2591.0000
2021-09-27,2546.0000
2021-09-28,2555.0000
2021-09-29,2589.0000
2021-09-30,2652.0000
2021-10-01,2710.0000
2021-10-04,2752.0000
2021-10-05,2755.0000
2021-10-06,2715.0000
2021-10-07,2726.0000
2021-10-08,2750.0000
2021-10-11,2682.0000
2021-10-12,2675.0000
2021-10-13,2602.0000
2021-10-14,2584.0000
2021-10-15,2607.0000
2021-10-18,2610.0000
2021-10-19,2559.0000
2021-10-20,2505.0000
2021-10-21,2555.0000
2021-10-22,2583.0000
2021-10-25,2616.0000
2021-10-26,2581.0000
2021-10-27,2603.0000
2021-10-28,2571.0000
2021-10-29,2544.0000
2021-11-01,2564.0000
2021-11-02,2457.0000
2021-11-03,2424.0000
2021-11-04,2440.0000
2021-11-05,2397.0000
2021-11-08,2433.0000
2021-11-09,2433.0000
2021-11-10,2473.0000
2021-11-11,2485.0000
2021-11-12,2470.0000
2021-11-15,2458.0000
2021-11-16,2505.0000
2021-11-17,2514.0000
2021-11-18,2552.0000
2021-11-19,2493.0000
2021-11-22,2498.0000
2021-11-23,2478.0000
2021-11-24,2456.0000
2021-11-25,2467.2000
2021-11-26,2362.4000
2021-11-29,2355.6000
2021-11-30,2339.6000
2021-12-01,2352.0000
2021-12-02,2453.0000
2021-12-03,2467.0000
2021-12-06,2460.0000
2021-12-07,2485.0000
2021-12-08,2470.0000
2021-12-09,2451.0000
2021-12-10,2466.0000
2021-12-13,2532.0000
2021-12-14,2504.0000
2021-12-15,2547.0000
2021-12-16,2547.0000
2021-12-17,2497.0000
2021-12-20,2423.0000
2021-12-21,2460.0000
2021-12-22,2466.0000
2021-12-23,2473.0000
2021-12-24,2473.0000
2021-12-27,2461.0000
2021-12-28,2485.0000
2021-12-29,2515.0000
2021-12-30,2559.0000
2021-12-31,2520.0000
2022-01-03,2499.0000
2022-01-04,2462.0000
2022-01-05,2457.0000
2022-01-06,2423.0000
2022-01-07,2521.0000
2022-01-10,2521.0000
2022-01-11,2588.0000
2022-01-12,2559.0000
2022-01-13,2609.0000
2022-01-14,2659.0000
2022-01-17,2659.0000
2022-01-18,2631.0000
2022-01-19,2657.0000
2022-01-20,2660.0000
2022-01-21,2576.0000
2022-01-24,2493.0000
2022-01-25,2503.0000
2022-01-26,2513.0000
2022-01-27,2451.0000
2022-01-28,2494.0000
2022-01-31,2528.0000
2022-02-01,2613.0000
2022-02-02,2617.0000
2022-02-03,2634.0000
2022-02-04,2668.0000
2022-02-07,2624.0000
2022-02-08,2669.0000
2022-02-09,2756.0000
2022-02-10,2786.0000
2022-02-11,2766.0000
2022-02-14,2677.0000
2022-02-15,2667.0000
2022-02-16,2611.0000
2022-02-17,2589.0000
2022-02-18,2573.0000
2022-02-21,2573.0000
2022-02-22,2611.0000
2022-02-23,2633.6000
2022-02-24,2593.2000
2022-02-25,2598.8000
2022-02-28,2521.4000
2022-03-01,2521.0000
2022-03-02,2529.0000
2022-03-03,2562.0000
2022-03-04,2620.0000
2022-03-07,2636.0000
2022-03-08,2636.0000
2022-03-09,2663.0000
2022-03-10,2683.0000
2022-03-11,2620.0000
2022-03-14,2611.0000
2022-03-15,2522.0000
2022-03-16,2532.0000
2022-03-17,2504.0000
2022-03-18,2537.0000
2022-03-21,2521.0000
2022-03-22,2586.0000
2022-03-23,2631.0000
2022-03-24,2583.0000
2022-03-25,2562.0000
2022-03-28,2602.0000
2022-03-29,2639.0000
2022-03-30,2651.0000
2022-03-31,2650.0000
2022-04-01,2599.0000
2022-04-04,2562.0000
2022-04-05,2534.0000
2022-04-06,2549.0000
2022-04-07,2574.0000
2022-04-08,2620.0000
2022-04-11,2616.0000
2022-04-12,2583.0000
2022-04-13,2583.0000
2022-04-14,2583.0000
2022-04-18,2525.0000
2022-04-19,2525.0000
2022-04-20,2536.0000
2022-04-21,2540.0000
2022-04-22,2506.0000
